-- MySQL dump 10.13  Distrib 5.1.57, for apple-darwin10.7.0 (i386)
--
-- Host: localhost    Database: webwork
-- ------------------------------------------------------
-- Server version	5.1.57-log

/*!40101 SET @OLD_CHARACTER_SET_CLIENT=@@CHARACTER_SET_CLIENT */;
/*!40101 SET @OLD_CHARACTER_SET_RESULTS=@@CHARACTER_SET_RESULTS */;
/*!40101 SET @OLD_COLLATION_CONNECTION=@@COLLATION_CONNECTION */;
/*!40101 SET NAMES utf8 */;
/*!40103 SET @OLD_TIME_ZONE=@@TIME_ZONE */;
/*!40103 SET TIME_ZONE='+00:00' */;
/*!40014 SET @OLD_UNIQUE_CHECKS=@@UNIQUE_CHECKS, UNIQUE_CHECKS=0 */;
/*!40014 SET @OLD_FOREIGN_KEY_CHECKS=@@FOREIGN_KEY_CHECKS, FOREIGN_KEY_CHECKS=0 */;
/*!40101 SET @OLD_SQL_MODE=@@SQL_MODE, SQL_MODE='NO_AUTO_VALUE_ON_ZERO' */;
/*!40111 SET @OLD_SQL_NOTES=@@SQL_NOTES, SQL_NOTES=0 */;

--
-- Table structure for table `maa101_user`
--

DROP TABLE IF EXISTS `maa101_user`;
/*!40101 SET @saved_cs_client     = @@character_set_client */;
/*!40101 SET character_set_client = utf8 */;
CREATE TABLE `maa101_user` (
  `user_id` tinyblob NOT NULL,
  `first_name` text,
  `last_name` text,
  `email_address` text,
  `student_id` text,
  `status` text,
  `section` text,
  `recitation` text,
  `comment` text,
  UNIQUE KEY `user_id` (`user_id`(255))
) ENGINE=MyISAM DEFAULT CHARSET=latin1;
/*!40101 SET character_set_client = @saved_cs_client */;

--
-- Dumping data for table `maa101_user`
--

LOCK TABLES `maa101_user` WRITE;
/*!40000 ALTER TABLE `maa101_user` DISABLE KEYS */;
INSERT INTO `maa101_user` VALUES ('practice9','JANE','PRACTICE9','jan@msn.edu','practice9','C',NULL,NULL,NULL),('profa','Helena','Profa','blue@hey.edu','profa','C',NULL,NULL,NULL),('profb','Professor','Profb',NULL,'profb','C',NULL,NULL,NULL),('fred','Fred','Flintstone','fred@msn.com',NULL,'C',NULL,NULL,NULL),('admin','Alan','Administrator','32@merfe.edu','admin','C',NULL,NULL,'howdy'),('jconwa11','Jeffrey','Smith',NULL,'1224551','C',NULL,NULL,NULL),('lisa','Lisae','Simpson','lisa@harvard.net',NULL,'C',NULL,NULL,'no'),('betty','Betts','Rubble','Betty@hotmail.com',NULL,'C',NULL,NULL,'testing'),('mbangra4','Marco','Bangrazi','mark@juno.com','1241871','C',NULL,NULL,NULL),('kandrea','Kenneth','Andre','kenny@who.com','1204434','C',NULL,NULL,NULL),('sphilli5','Sharon','Krug',NULL,'00053829','C',NULL,NULL,NULL),('rcarlso6','Ryan','Carlson',NULL,'1250416','C',NULL,NULL,NULL),('jbartl12','Jessica','Bartlett',NULL,'1200429','C',NULL,NULL,NULL),('epaquin','Erin','Paquin',NULL,'1225501','C',NULL,NULL,NULL),('srheaul2','Sarah','Rheault',NULL,'1272635','C',NULL,NULL,NULL),('kjohns59','Katherine','Johnson',NULL,'1188284','C',NULL,NULL,NULL),('peter','Peter','Staab','peter@msn.com','1234','C',NULL,NULL,NULL),('jtroiani','Jennifer','Troiani',NULL,'1029487','C',NULL,NULL,NULL),('dvictori','Dodge','Victoria',NULL,'01275202','C',NULL,NULL,NULL),('pstaab','Peter','Staab',NULL,'pstaab','C',NULL,NULL,NULL),('jrateau','James','Rateau','jim.jim@jim.jim','01190843','C',NULL,NULL,NULL),('bschnei4','Brein','Schneider','Brian@hello.net','1231591','C',NULL,NULL,NULL);
/*!40000 ALTER TABLE `maa101_user` ENABLE KEYS */;
UNLOCK TABLES;

--
-- Table structure for table `maa101_achievement`
--

DROP TABLE IF EXISTS `maa101_achievement`;
/*!40101 SET @saved_cs_client     = @@character_set_client */;
/*!40101 SET character_set_client = utf8 */;
CREATE TABLE `maa101_achievement` (
  `achievement_id` tinyblob NOT NULL,
  `name` text,
  `description` text,
  `points` int(11) DEFAULT NULL,
  `test` text,
  `icon` text,
  `category` text,
  `enabled` int(11) DEFAULT NULL,
  `max_counter` int(11) DEFAULT NULL,
  UNIQUE KEY `achievement_id` (`achievement_id`(255))
) ENGINE=MyISAM DEFAULT CHARSET=latin1;
/*!40101 SET character_set_client = @saved_cs_client */;

--
-- Dumping data for table `maa101_achievement`
--

LOCK TABLES `maa101_achievement` WRITE;
/*!40000 ALTER TABLE `maa101_achievement` DISABLE KEYS */;
/*!40000 ALTER TABLE `maa101_achievement` ENABLE KEYS */;
UNLOCK TABLES;

--
-- Table structure for table `maa101_achievement_user`
--

DROP TABLE IF EXISTS `maa101_achievement_user`;
/*!40101 SET @saved_cs_client     = @@character_set_client */;
/*!40101 SET character_set_client = utf8 */;
CREATE TABLE `maa101_achievement_user` (
  `user_id` tinyblob NOT NULL,
  `achievement_id` tinyblob NOT NULL,
  `earned` int(11) DEFAULT NULL,
  `counter` int(11) DEFAULT NULL,
  `frozen_hash` varchar(1024) DEFAULT NULL,
  UNIQUE KEY `user_id` (`user_id`(255),`achievement_id`(255)),
  KEY `achievement_id` (`achievement_id`(255))
) ENGINE=MyISAM DEFAULT CHARSET=latin1;
/*!40101 SET character_set_client = @saved_cs_client */;

--
-- Dumping data for table `maa101_achievement_user`
--

LOCK TABLES `maa101_achievement_user` WRITE;
/*!40000 ALTER TABLE `maa101_achievement_user` DISABLE KEYS */;
/*!40000 ALTER TABLE `maa101_achievement_user` ENABLE KEYS */;
UNLOCK TABLES;

--
-- Table structure for table `maa101_global_user_achievement`
--

DROP TABLE IF EXISTS `maa101_global_user_achievement`;
/*!40101 SET @saved_cs_client     = @@character_set_client */;
/*!40101 SET character_set_client = utf8 */;
CREATE TABLE `maa101_global_user_achievement` (
  `user_id` tinyblob NOT NULL,
  `achievement_points` int(11) DEFAULT NULL,
  `next_level_points` int(11) DEFAULT NULL,
  `level_achievement_id` varchar(100) DEFAULT NULL,
  `frozen_hash` varchar(1024) DEFAULT NULL,
  `facebooker` int(11) DEFAULT NULL,
  UNIQUE KEY `user_id` (`user_id`(255))
) ENGINE=MyISAM DEFAULT CHARSET=latin1;
/*!40101 SET character_set_client = @saved_cs_client */;

--
-- Dumping data for table `maa101_global_user_achievement`
--

LOCK TABLES `maa101_global_user_achievement` WRITE;
/*!40000 ALTER TABLE `maa101_global_user_achievement` DISABLE KEYS */;
/*!40000 ALTER TABLE `maa101_global_user_achievement` ENABLE KEYS */;
UNLOCK TABLES;

--
-- Table structure for table `maa101_key`
--

DROP TABLE IF EXISTS `maa101_key`;
/*!40101 SET @saved_cs_client     = @@character_set_client */;
/*!40101 SET character_set_client = utf8 */;
CREATE TABLE `maa101_key` (
  `user_id` tinyblob NOT NULL,
  `key_not_a_keyword` text,
  `timestamp` bigint(20) DEFAULT NULL,
  UNIQUE KEY `user_id` (`user_id`(255))
) ENGINE=MyISAM DEFAULT CHARSET=latin1;
/*!40101 SET character_set_client = @saved_cs_client */;

--
-- Dumping data for table `maa101_key`
--

LOCK TABLES `maa101_key` WRITE;
/*!40000 ALTER TABLE `maa101_key` DISABLE KEYS */;
INSERT INTO `maa101_key` VALUES ('pstaab','eXT5m6sjORFnjGEI26icbn4HdaZwzGJk',1377800854),('profa','bkj9FKcVETxS6VjAWVQgFsjcKXvSLQmC',1380762915),('mbangra4','eBhvyuy1Mi6xS3xGGjA5WJaakJbdGxor',1374369844);
/*!40000 ALTER TABLE `maa101_key` ENABLE KEYS */;
UNLOCK TABLES;

--
-- Table structure for table `maa101_past_answer`
--

DROP TABLE IF EXISTS `maa101_past_answer`;
/*!40101 SET @saved_cs_client     = @@character_set_client */;
/*!40101 SET character_set_client = utf8 */;
CREATE TABLE `maa101_past_answer` (
  `answer_id` int(11) NOT NULL AUTO_INCREMENT,
  `course_id` varchar(100) NOT NULL,
  `user_id` varchar(100) NOT NULL,
  `set_id` varchar(100) NOT NULL,
  `problem_id` varchar(100) NOT NULL,
  `source_file` text,
  `timestamp` int(11) DEFAULT NULL,
  `scores` tinytext,
  `answer_string` varchar(1024) DEFAULT NULL,
  `comment_string` varchar(1024) DEFAULT NULL,
  UNIQUE KEY `answer_id` (`answer_id`,`course_id`,`user_id`,`set_id`,`problem_id`),
  KEY `course_id` (`course_id`,`user_id`,`set_id`,`problem_id`),
  KEY `user_id` (`user_id`,`set_id`,`problem_id`),
  KEY `set_id` (`set_id`,`problem_id`),
  KEY `problem_id` (`problem_id`)
) ENGINE=MyISAM AUTO_INCREMENT=2 DEFAULT CHARSET=latin1;
/*!40101 SET character_set_client = @saved_cs_client */;

--
-- Dumping data for table `maa101_past_answer`
--

LOCK TABLES `maa101_past_answer` WRITE;
/*!40000 ALTER TABLE `maa101_past_answer` DISABLE KEYS */;
INSERT INTO `maa101_past_answer` VALUES (1,'maa101','pstaab','Precalculus','3','Library/LoyolaChicago/Precalc/Chap2Sec6/Q28.pg',1377800854,'1010','H	?	D	?	',NULL);
/*!40000 ALTER TABLE `maa101_past_answer` ENABLE KEYS */;
UNLOCK TABLES;

--
-- Table structure for table `maa101_permission`
--

DROP TABLE IF EXISTS `maa101_permission`;
/*!40101 SET @saved_cs_client     = @@character_set_client */;
/*!40101 SET character_set_client = utf8 */;
CREATE TABLE `maa101_permission` (
  `user_id` tinyblob NOT NULL,
  `permission` int(11) DEFAULT NULL,
  UNIQUE KEY `user_id` (`user_id`(255))
) ENGINE=MyISAM DEFAULT CHARSET=latin1;
/*!40101 SET character_set_client = @saved_cs_client */;

--
-- Dumping data for table `maa101_permission`
--

LOCK TABLES `maa101_permission` WRITE;
/*!40000 ALTER TABLE `maa101_permission` DISABLE KEYS */;
INSERT INTO `maa101_permission` VALUES ('practice9',-5),('profa',10),('profb',10),('bschnei4',0),('jtroiani',0),('dvictori',0),('fred',0),('jrateau',0),('pstaab',0),('admin',20),('lisa',0),('betty',0),('mbangra4',0),('kandrea',0),('rcarlso6',0),('sphilli5',0),('jbartl12',0),('epaquin',0),('srheaul2',0),('kjohns59',0),('jconwa11',0),('peter',0);
/*!40000 ALTER TABLE `maa101_permission` ENABLE KEYS */;
UNLOCK TABLES;

--
-- Table structure for table `maa101_problem`
--

DROP TABLE IF EXISTS `maa101_problem`;
/*!40101 SET @saved_cs_client     = @@character_set_client */;
/*!40101 SET character_set_client = utf8 */;
CREATE TABLE `maa101_problem` (
  `set_id` tinyblob NOT NULL,
  `problem_id` int(11) NOT NULL,
  `source_file` text,
  `value` int(11) DEFAULT NULL,
  `max_attempts` int(11) DEFAULT NULL,
  `flags` text,
  UNIQUE KEY `set_id` (`set_id`(255),`problem_id`),
  KEY `problem_id` (`problem_id`)
) ENGINE=MyISAM DEFAULT CHARSET=latin1;
/*!40101 SET character_set_client = @saved_cs_client */;

--
-- Dumping data for table `maa101_problem`
--

LOCK TABLES `maa101_problem` WRITE;
/*!40000 ALTER TABLE `maa101_problem` DISABLE KEYS */;
INSERT INTO `maa101_problem` VALUES ('HW1.2',1,'Library/Rochester/setDerivatives1/c1s5p8b.pg',1,-1,NULL),('HW1.2',2,'Library/Utah/Trigonometry/set2_Algebra/s2p1.pg',1,-1,NULL),('HW1.2',3,'Library/Utah/Trigonometry/set2_Algebra/s2p2.pg',1,-1,NULL),('HW1.2',9,'Library/maCalcDB/setDerivatives1/c1s6p1.pg',1,-1,NULL),('Precalculus',30,'Library/ma117DB/set8/srw4_3_19.pg',NULL,NULL,NULL),('HW1.1',4,'Library/Union/setAlgebraIntervals/ur_ab_10_3.pg',1,-1,NULL),('HW1.1',5,'Library/SDSU/Discrete/Sets/intersectA1.pg',1,-1,NULL),('xyz123',4,'Library/maCalcDB/setAlgebra36SeqSeries/srw10_1_33.pg',1,-1,NULL),('xyz123',6,'Library/Utah/College_Algebra/set9_Exponential_and_Logarithmic_Functions/1050s9p26.pg',2,-1,NULL),('HW1.1',1,'Library/SDSU/Discrete/Sets/setpropA1.pg',1,-1,NULL),('HW4',1,'Library/Rochester/setVmultivariable5ChainRule/ur_vc_6_10.pg',1,-1,NULL),('Demo',3,'setDemo/c4s5p2.pg',1,-1,NULL),('Demo',4,'setDemo/s2_2_1.pg',1,-1,NULL),('Demo',5,'setDemo/sample_units_ans.pg',1,-1,NULL),('Demo',6,'setDemo/nsc2s10p2.pg',1,-1,NULL),('Demo',7,'setDemo/prob5.pg',1,-1,NULL),('Demo',8,'setDemo/sample_myown_ans.pg',1,-1,NULL),('Orientation',1,'setOrientation/prob01.pg',1,-1,NULL),('Orientation',2,'setOrientation/prob02.pg',1,-1,NULL),('Orientation',3,'setOrientation/prob03.pg',1,-1,NULL),('Orientation',4,'setOrientation/prob04.pg',1,-1,NULL),('Orientation',5,'setOrientation/prob05/prob05.pg',1,-1,NULL),('Orientation',6,'setOrientation/prob06.pg',1,-1,NULL),('Orientation',7,'setOrientation/prob07.pg',1,-1,NULL),('Orientation',8,'setOrientation/prob08.pg',1,-1,NULL),('Orientation',9,'setOrientation/prob09.pg',1,-1,NULL),('Orientation',10,'setOrientation/prob10.pg',1,-1,NULL),('Orientation',11,'setOrientation/prob11.pg',1,-1,NULL),('Orientation',12,'setOrientation/prob12.pg',1,-1,NULL),('Orientation',13,'setOrientation/prob13.pg',1,-1,NULL),('Orientation',14,'setOrientation/prob14/prob14.pg',1,-1,NULL),('Orientation',15,'setOrientation/prob15.pg',1,-1,NULL),('College_Algebra',1,'Library/CollegeOfIdaho/setAlgebra_01_07_ScientificNotation/17IntAlg_19_Operations_Review.pg',1,-1,NULL),('College_Algebra',2,'Library/Utah/Trigonometry/set2_Algebra/s2p5.pg',1,3,NULL),('College_Algebra',3,'Library/FortLewis/Algebra/1-1-Expressions/MCH1-1-1-30-Expressions.pg',1,-1,NULL),('College_Algebra',4,'Library/Utah/Business_Algebra/set1_Preview/p31.pg',1,-1,NULL),('College_Algebra',5,'Library/CollegeOfIdaho/setAlgebra_01_05_ProblemSolvingAndFormulas/15IntAlg_08_ProblemSolve.pg',1,-1,NULL),('College_Algebra',6,'Library/CollegeOfIdaho/setAlgebra_01_04_SolveLinearEq/14IntAlg_24_Graphing_Review.pg',1,-1,NULL),('College_Algebra',7,'Library/Utah/Calculus_I/set1_Preliminaries/1210s1p11.pg',1,-1,NULL),('College_Algebra',8,'Library/Utah/Quantitative_Analysis/set1_Preview/q2.pg',1,3,NULL),('College_Algebra',9,'Library/LoyolaChicago/Precalc/Chap1Sec2/Q10.pg',2,-1,NULL),('College_Algebra',10,'Library/CollegeOfIdaho/setAlgebra_02_03_LinearFunctionsAndSlope/23IntAlg_20_Slope.pg',1,3,NULL),('College_Algebra',11,'Library/CollegeOfIdaho/setAlgebra_02_04_PointSlopeFormofLine/24IntAlg_23_LinearFunction.pg',1,-1,NULL),('College_Algebra',12,'Library/FortLewis/Algebra/5-5-Linear-modeling/MCH1-5-5-01-Linear-modeling.pg',1,3,NULL),('College_Algebra',13,'Library/ma117DB/set1b/srw1_3_17.pg',1,-1,NULL),('College_Algebra',14,'Library/Rochester/setAlgebra04ExpressionsFactoring/lhp4_51-54.pg',1,-1,NULL),('College_Algebra',15,'Library/FortLewis/Algebra/9-2-Quadratic-expressions/MCH1-9-2-02-Quadratic-expressions.pg',1,-1,NULL),('College_Algebra',16,'Library/FortLewis/Algebra/9-3-Completing-the-square/MCH1-9-3-38-Completing-the-square.pg',1,-1,NULL),('College_Algebra',17,'Library/Union/setFunctionTransformations/p2.pg',1,-1,NULL),('College_Algebra',18,'Library/FortLewis/Algebra/7-1-Power-functions/MCH1-7-1-10-Power-functions.pg',1,3,NULL),('College_Algebra',19,'Library/maCalcDB/setAlgebra21PolynomialFun/polyn.pg',1,-1,NULL),('College_Algebra',20,'Library/maCalcDB/setAlgebra22PolynomialDivision/srw3_2_3.pg',1,-1,NULL),('Precalculus',15,'Library/Rochester/setTrig02FunctionsUnitCircle/p5_mo.pg',1,-1,NULL),('Precalculus',17,'Library/Utah/Quantitative_Analysis/set1_Preview/q1.pg',1,-1,NULL),('Precalculus',14,'Library/Utah/Trigonometry/set2_Algebra/s2p3.pg',1,-1,NULL),('Precalculus',28,'Library/Union/setAnalGeomConics/circle2.pg',1,-1,NULL),('Demo',9,'Library/274/Hyp_Trig/prob4.pg',1,-1,NULL),('Precalculus',24,'Library/maCalcDB/setAlgebra22PolynomialDivision/srw3_2_7.pg',1,-1,NULL),('Precalculus',1,'Library/LoyolaChicago/Precalc/Chap1Sec2/Q16.pg',1,-1,NULL),('Precalculus',3,'Library/LoyolaChicago/Precalc/Chap2Sec6/Q28.pg',1,3,NULL),('Precalculus',2,'Library/FortLewis/Algebra/8-1-Domain-range/MCH1-8-1-28-Domain-range.pg',2,-1,NULL),('Precalculus',4,'Library/FortLewis/Algebra/7-3-Power-equations/MCH1-7-3-18-Power-equations.pg',1,-1,NULL),('Precalculus',29,'Library/FortLewis/Algebra/9-3-Completing-the-square/MCH1-9-3-44-Completing-the-square.pg',1,-1,NULL),('Precalculus',5,'Library/LoyolaChicago/Precalc/Chap8Sec1/Q22.pg',1,-1,NULL),('Precalculus',6,'Library/LoyolaChicago/Precalc/Chap2Sec4/Connally3-2-4-31-Composition-inverse.pg',1,-1,NULL),('Precalculus',7,'Library/FortLewis/Algebra/8-3-Shifting-and-scaling/MCH1-8-3-17-Shifting-and-scaling.pg',1,3,NULL),('Precalculus',8,'Library/LoyolaChicago/Precalc/Chap4Sec3/Q24.pg',1,3,NULL),('Precalculus',9,'Library/maCalcDB/setAlgebra31LogExpApplications/srw4_2_1_mo.pg',1,-1,NULL),('Precalculus',10,'Library/LoyolaChicago/Precalc/Chap3Sec2/Q34.pg',1,-1,NULL),('Precalculus',11,'Library/LoyolaChicago/Precalc/Chap4Sec1/Q28.pg',1,-1,NULL),('Precalculus',12,'Library/LoyolaChicago/Precalc/Chap4Sec2/Q36.pg',1,-1,NULL),('Precalculus',13,'Library/FortLewis/Algebra/7-1-Power-functions/MCH1-7-1-32-Power-functions.pg',1,1,NULL),('Precalculus',16,'Library/Utah/Quantitative_Analysis/set1_Preview/prob9.pg',1,-1,NULL),('Precalculus',19,'Library/LoyolaChicago/Precalc/Chap6Sec5/Q42.pg',1,-1,NULL),('Precalculus',20,'Library/LoyolaChicago/Precalc/Chap7Sec2/Connally3-7-2-42-Trig-identities/Connally3-7-2-42-Trig-identities.pg',1,-1,NULL),('Precalculus',21,'Library/Rochester/setTrig09Laws/srw6_4_25.pg',1,-1,NULL),('Precalculus',22,'Library/Rochester/setTrig09Laws/p8.pg',1,-1,NULL),('Precalculus',23,'Library/272/setStewart12_2/problem_1.pg',1,-1,NULL),('Precalculus',25,'Library/Utah/Trigonometry/set2_Algebra/s2p1.pg',1,-1,NULL),('Precalculus',26,'Library/Utah/Trigonometry/set2_Algebra/s2p1.pg',1,-1,NULL),('Precalculus',27,'Library/Rochester/setAlgebra27Conics/ur_geo_3_24.pg',1,-1,NULL),('Precalculus',18,'Library/LoyolaChicago/Precalc/Chap6Sec5/Q24.pg',1,-1,NULL),('HW1.2',4,'Library/272/setStewart12_1/problem_1.pg',1,-1,NULL),('HW1.2',5,'Library/272/setStewart12_2/problem_1.pg',1,-1,NULL),('HW1.2',7,'Library/FortLewis/Authoring/Templates/Algebra/AlgebraicFractionAnswer1.pg',1,-1,NULL),('HW1.1',2,'Library/Utah/Calculus_II/set2_Transcendental_Functions/set2_pr7/set2_pr7.pg',1,-1,NULL),('HW1.1',6,'Library/Rochester/setAlgebra20QuadraticFun/lh3-1_41.pg',1,-1,NULL),('HW1.2',8,'Library/NewHampshire/unh_schoolib/Inequalities/inqsrs202.pg',1,-1,NULL),('HW1.2',6,'Library/Rochester/setIntegrals21Length/ns6_3_4.pg',NULL,-1,NULL),('HW1.1',3,'Library/SDSU/Discrete/Sets/intersectA2.pg',1,-1,NULL);
/*!40000 ALTER TABLE `maa101_problem` ENABLE KEYS */;
UNLOCK TABLES;

--
-- Table structure for table `maa101_problem_user`
--

DROP TABLE IF EXISTS `maa101_problem_user`;
/*!40101 SET @saved_cs_client     = @@character_set_client */;
/*!40101 SET character_set_client = utf8 */;
CREATE TABLE `maa101_problem_user` (
  `user_id` tinyblob NOT NULL,
  `set_id` tinyblob NOT NULL,
  `problem_id` int(11) NOT NULL,
  `source_file` text,
  `value` int(11) DEFAULT NULL,
  `max_attempts` int(11) DEFAULT NULL,
  `problem_seed` int(11) DEFAULT NULL,
  `status` float DEFAULT NULL,
  `attempted` int(11) DEFAULT NULL,
  `last_answer` text,
  `num_correct` int(11) DEFAULT NULL,
  `num_incorrect` int(11) DEFAULT NULL,
  `sub_status` float DEFAULT NULL,
  `flags` text,
  UNIQUE KEY `user_id` (`user_id`(255),`set_id`(255),`problem_id`),
  KEY `set_id` (`set_id`(255),`problem_id`),
  KEY `problem_id` (`problem_id`)
) ENGINE=MyISAM DEFAULT CHARSET=latin1;
/*!40101 SET character_set_client = @saved_cs_client */;

--
-- Dumping data for table `maa101_problem_user`
--

LOCK TABLES `maa101_problem_user` WRITE;
/*!40000 ALTER TABLE `maa101_problem_user` DISABLE KEYS */;
INSERT INTO `maa101_problem_user` VALUES ('jconwa11','College_Algebra',1,NULL,NULL,NULL,1794,0,0,NULL,0,0,0,NULL),('rcarlso6','College_Algebra',14,NULL,NULL,NULL,4791,0,0,NULL,0,0,0,NULL),('rcarlso6','College_Algebra',13,NULL,NULL,NULL,2842,0,0,NULL,0,0,0,NULL),('mbangra4','Orientation',9,NULL,NULL,NULL,1953,0,0,NULL,0,0,0,NULL),('sphilli5','Precalculus',5,NULL,NULL,NULL,2705,0,0,NULL,0,0,0,NULL),('bschnei4','Orientation',3,NULL,NULL,NULL,2087,0,0,NULL,0,0,0,NULL),('sphilli5','Precalculus',4,NULL,NULL,NULL,737,0,0,NULL,0,0,0,NULL),('kandrea','Precalculus',20,NULL,NULL,NULL,2093,0,0,NULL,0,0,0,NULL),('jrateau','Orientation',7,NULL,NULL,NULL,4559,0,0,NULL,0,0,0,NULL),('srheaul2','College_Algebra',5,NULL,NULL,NULL,4531,0,0,NULL,0,0,0,NULL),('kandrea','Precalculus',19,NULL,NULL,NULL,4443,0,0,NULL,0,0,0,NULL),('pstaab','Orientation',8,NULL,NULL,NULL,2266,0,0,NULL,0,0,0,NULL),('epaquin','College_Algebra',18,NULL,NULL,NULL,4735,0,0,NULL,0,0,0,NULL),('epaquin','College_Algebra',17,NULL,NULL,NULL,329,0,0,NULL,0,0,0,NULL),('jbartl12','College_Algebra',19,NULL,NULL,NULL,4666,0,0,NULL,0,0,0,NULL),('dvictori','Orientation',4,NULL,NULL,NULL,3654,0,0,NULL,0,0,0,NULL),('jbartl12','College_Algebra',18,NULL,NULL,NULL,214,0,0,NULL,0,0,0,NULL),('dvictori','Orientation',3,NULL,NULL,NULL,1927,0,0,NULL,0,0,0,NULL),('sphilli5','College_Algebra',17,NULL,NULL,NULL,2135,0,0,NULL,0,0,0,NULL),('srheaul2','Orientation',12,NULL,NULL,NULL,3825,0,0,NULL,0,0,0,NULL),('epaquin','Orientation',5,NULL,NULL,NULL,4157,0,0,NULL,0,0,0,NULL),('rcarlso6','Orientation',13,NULL,NULL,NULL,1183,0,0,NULL,0,0,0,NULL),('mbangra4','College_Algebra',15,NULL,NULL,NULL,2321,0,0,NULL,0,0,0,NULL),('rcarlso6','Orientation',12,NULL,NULL,NULL,3078,0,0,NULL,0,0,0,NULL),('sphilli5','Orientation',5,NULL,NULL,NULL,3613,0,0,NULL,0,0,0,NULL),('jconwa11','Precalculus',13,NULL,NULL,NULL,4383,0,0,NULL,0,0,0,NULL),('jconwa11','Orientation',15,NULL,NULL,NULL,858,0,0,NULL,0,0,0,NULL),('jconwa11','Orientation',14,NULL,NULL,NULL,806,0,0,NULL,0,0,0,NULL),('jconwa11','Orientation',13,NULL,NULL,NULL,480,0,0,NULL,0,0,0,NULL),('jconwa11','Orientation',12,NULL,NULL,NULL,365,0,0,NULL,0,0,0,NULL),('jconwa11','Orientation',11,NULL,NULL,NULL,4625,0,0,NULL,0,0,0,NULL),('jconwa11','Orientation',10,NULL,NULL,NULL,1160,0,0,NULL,0,0,0,NULL),('jconwa11','Orientation',9,NULL,NULL,NULL,1148,0,0,NULL,0,0,0,NULL),('jconwa11','Orientation',8,NULL,NULL,NULL,762,0,0,NULL,0,0,0,NULL),('kjohns59','Orientation',11,NULL,NULL,NULL,4779,0,0,NULL,0,0,0,NULL),('mbangra4','Precalculus',6,NULL,NULL,NULL,1594,0,0,NULL,0,0,0,NULL),('rcarlso6','College_Algebra',12,NULL,NULL,NULL,4990,0,0,NULL,0,0,0,NULL),('kjohns59','Orientation',10,NULL,NULL,NULL,263,0,0,NULL,0,0,0,NULL),('rcarlso6','College_Algebra',11,NULL,NULL,NULL,4275,0,0,NULL,0,0,0,NULL),('kjohns59','Orientation',9,NULL,NULL,NULL,3009,0,0,NULL,0,0,0,NULL),('mbangra4','Precalculus',5,NULL,NULL,NULL,1329,0,0,NULL,0,0,0,NULL),('mbangra4','Precalculus',4,NULL,NULL,NULL,2196,0,0,NULL,0,0,0,NULL),('rcarlso6','College_Algebra',10,NULL,NULL,NULL,35,0,0,NULL,0,0,0,NULL),('mbangra4','Precalculus',3,NULL,NULL,NULL,3278,0,0,NULL,0,0,0,NULL),('mbangra4','Orientation',8,NULL,NULL,NULL,2723,0,0,NULL,0,0,0,NULL),('mbangra4','Orientation',7,NULL,NULL,NULL,1010,0,0,NULL,0,0,0,NULL),('mbangra4','Orientation',6,NULL,NULL,NULL,4081,0,0,NULL,0,0,0,NULL),('mbangra4','Orientation',5,NULL,NULL,NULL,1079,0,0,NULL,0,0,0,NULL),('mbangra4','Orientation',4,NULL,NULL,NULL,4457,0,0,NULL,0,0,0,NULL),('mbangra4','Orientation',3,NULL,NULL,NULL,3274,0,0,NULL,0,0,0,NULL),('srheaul2','College_Algebra',18,NULL,NULL,NULL,1123,0,0,NULL,0,0,0,NULL),('bschnei4','Orientation',2,NULL,NULL,NULL,2732,0,0,NULL,0,0,0,NULL),('sphilli5','Precalculus',3,NULL,NULL,NULL,1559,0,0,NULL,0,0,0,NULL),('bschnei4','Orientation',1,NULL,NULL,NULL,4960,0,0,NULL,0,0,0,NULL),('sphilli5','Precalculus',2,NULL,NULL,NULL,4941,0,0,NULL,0,0,0,NULL),('srheaul2','College_Algebra',17,NULL,NULL,NULL,4346,0,0,NULL,0,0,0,NULL),('srheaul2','College_Algebra',16,NULL,NULL,NULL,2895,0,0,NULL,0,0,0,NULL),('sphilli5','Precalculus',1,NULL,NULL,NULL,178,0,0,NULL,0,0,0,NULL),('jrateau','Orientation',15,NULL,NULL,NULL,937,0,0,NULL,0,0,0,NULL),('kandrea','Precalculus',29,NULL,NULL,NULL,2688,0,0,NULL,0,0,0,NULL),('jrateau','Orientation',14,NULL,NULL,NULL,4686,0,0,NULL,0,0,0,NULL),('srheaul2','College_Algebra',15,NULL,NULL,NULL,3965,0,0,NULL,0,0,0,NULL),('kandrea','Precalculus',28,NULL,NULL,NULL,1942,0,0,NULL,0,0,0,NULL),('jrateau','Orientation',13,NULL,NULL,NULL,2492,0,0,NULL,0,0,0,NULL),('srheaul2','College_Algebra',14,NULL,NULL,NULL,4659,0,0,NULL,0,0,0,NULL),('kandrea','Precalculus',18,NULL,NULL,NULL,262,0,0,NULL,0,0,0,NULL),('jrateau','Orientation',6,NULL,NULL,NULL,561,0,0,NULL,0,0,0,NULL),('srheaul2','College_Algebra',4,NULL,NULL,NULL,358,0,0,NULL,0,0,0,NULL),('jrateau','Orientation',5,NULL,NULL,NULL,206,0,0,NULL,0,0,0,NULL),('kandrea','Precalculus',17,NULL,NULL,NULL,1096,0,0,NULL,0,0,0,NULL),('jrateau','Orientation',4,NULL,NULL,NULL,3974,0,0,NULL,0,0,0,NULL),('kandrea','Precalculus',16,NULL,NULL,NULL,4690,0,0,NULL,0,0,0,NULL),('jrateau','Orientation',3,NULL,NULL,NULL,4424,0,0,NULL,0,0,0,NULL),('srheaul2','College_Algebra',3,NULL,NULL,NULL,347,0,0,NULL,0,0,0,NULL),('kandrea','Precalculus',15,NULL,NULL,NULL,3867,0,0,NULL,0,0,0,NULL),('kandrea','Precalculus',14,NULL,NULL,NULL,4394,0,0,NULL,0,0,0,NULL),('kandrea','Precalculus',13,NULL,NULL,NULL,2069,0,0,NULL,0,0,0,NULL),('kandrea','Precalculus',12,NULL,NULL,NULL,1851,0,0,NULL,0,0,0,NULL),('kandrea','Precalculus',11,NULL,NULL,NULL,4850,0,0,NULL,0,0,0,NULL),('kandrea','Precalculus',10,NULL,NULL,NULL,3484,0,0,NULL,0,0,0,NULL),('kandrea','Precalculus',9,NULL,NULL,NULL,2771,0,0,NULL,0,0,0,NULL),('srheaul2','College_Algebra',2,NULL,NULL,NULL,829,0,0,NULL,0,0,0,NULL),('epaquin','College_Algebra',16,NULL,NULL,NULL,423,0,0,NULL,0,0,0,NULL),('mbangra4','Precalculus',29,NULL,NULL,NULL,1202,0,0,NULL,0,0,0,NULL),('epaquin','College_Algebra',15,NULL,NULL,NULL,2535,0,0,NULL,0,0,0,NULL),('pstaab','Orientation',7,NULL,NULL,NULL,3771,0,0,NULL,0,0,0,NULL),('epaquin','College_Algebra',14,NULL,NULL,NULL,3705,0,0,NULL,0,0,0,NULL),('pstaab','Orientation',6,NULL,NULL,NULL,1777,0,0,NULL,0,0,0,NULL),('mbangra4','Precalculus',28,NULL,NULL,NULL,4212,0,0,NULL,0,0,0,NULL),('epaquin','College_Algebra',13,NULL,NULL,NULL,4280,0,0,NULL,0,0,0,NULL),('pstaab','Orientation',5,NULL,NULL,NULL,3860,0,0,NULL,0,0,0,NULL),('mbangra4','Precalculus',27,NULL,NULL,NULL,3541,0,0,NULL,0,0,0,NULL),('epaquin','College_Algebra',12,NULL,NULL,NULL,2907,0,0,NULL,0,0,0,NULL),('pstaab','Orientation',4,NULL,NULL,NULL,221,0,0,NULL,0,0,0,NULL),('mbangra4','Precalculus',26,NULL,NULL,NULL,1488,0,0,NULL,0,0,0,NULL),('pstaab','Orientation',3,NULL,NULL,NULL,2765,0,0,NULL,0,0,0,NULL),('pstaab','Orientation',2,NULL,NULL,NULL,2507,0,0,NULL,0,0,0,NULL),('pstaab','Orientation',1,NULL,NULL,NULL,1303,0,0,NULL,0,0,0,NULL),('jbartl12','College_Algebra',17,NULL,NULL,NULL,3864,0,0,NULL,0,0,0,NULL),('dvictori','Orientation',2,NULL,NULL,NULL,3812,0,0,NULL,0,0,0,NULL),('jbartl12','College_Algebra',16,NULL,NULL,NULL,792,0,0,NULL,0,0,0,NULL),('dvictori','Orientation',1,NULL,NULL,NULL,4206,0,0,NULL,0,0,0,NULL),('mbangra4','Precalculus',20,NULL,NULL,NULL,3399,0,0,NULL,0,0,0,NULL),('jbartl12','College_Algebra',15,NULL,NULL,NULL,2440,0,0,NULL,0,0,0,NULL),('jbartl12','College_Algebra',14,NULL,NULL,NULL,1762,0,0,NULL,0,0,0,NULL),('jbartl12','College_Algebra',13,NULL,NULL,NULL,277,0,0,NULL,0,0,0,NULL),('mbangra4','Precalculus',19,NULL,NULL,NULL,4435,0,0,NULL,0,0,0,NULL),('jbartl12','College_Algebra',12,NULL,NULL,NULL,741,0,0,NULL,0,0,0,NULL),('jtroiani','Orientation',15,NULL,NULL,NULL,3437,0,0,NULL,0,0,0,NULL),('jbartl12','College_Algebra',11,NULL,NULL,NULL,1763,0,0,NULL,0,0,0,NULL),('mbangra4','Precalculus',18,NULL,NULL,NULL,2029,0,0,NULL,0,0,0,NULL),('sphilli5','College_Algebra',16,NULL,NULL,NULL,3052,0,0,NULL,0,0,0,NULL),('srheaul2','Orientation',11,NULL,NULL,NULL,3609,0,0,NULL,0,0,0,NULL),('srheaul2','Orientation',10,NULL,NULL,NULL,4647,0,0,NULL,0,0,0,NULL),('sphilli5','College_Algebra',15,NULL,NULL,NULL,1433,0,0,NULL,0,0,0,NULL),('srheaul2','Orientation',9,NULL,NULL,NULL,3570,0,0,NULL,0,0,0,NULL),('sphilli5','College_Algebra',14,NULL,NULL,NULL,1112,0,0,NULL,0,0,0,NULL),('srheaul2','Orientation',8,NULL,NULL,NULL,220,0,0,NULL,0,0,0,NULL),('sphilli5','College_Algebra',13,NULL,NULL,NULL,613,0,0,NULL,0,0,0,NULL),('srheaul2','Orientation',7,NULL,NULL,NULL,4472,0,0,NULL,0,0,0,NULL),('sphilli5','College_Algebra',12,NULL,NULL,NULL,3646,0,0,NULL,0,0,0,NULL),('srheaul2','Orientation',6,NULL,NULL,NULL,655,0,0,NULL,0,0,0,NULL),('epaquin','Orientation',4,NULL,NULL,NULL,4745,0,0,NULL,0,0,0,NULL),('epaquin','Orientation',3,NULL,NULL,NULL,3005,0,0,NULL,0,0,0,NULL),('epaquin','Orientation',2,NULL,NULL,NULL,1554,0,0,NULL,0,0,0,NULL),('epaquin','Orientation',1,NULL,NULL,NULL,1511,0,0,NULL,0,0,0,NULL),('rcarlso6','Orientation',11,NULL,NULL,NULL,2002,0,0,NULL,0,0,0,NULL),('rcarlso6','Orientation',10,NULL,NULL,NULL,4885,0,0,NULL,0,0,0,NULL),('mbangra4','College_Algebra',14,NULL,NULL,NULL,4363,0,0,NULL,0,0,0,NULL),('rcarlso6','Orientation',9,NULL,NULL,NULL,2334,0,0,NULL,0,0,0,NULL),('mbangra4','College_Algebra',13,NULL,NULL,NULL,3881,0,0,NULL,0,0,0,NULL),('rcarlso6','Orientation',8,NULL,NULL,NULL,3196,0,0,NULL,0,0,0,NULL),('rcarlso6','Orientation',7,NULL,NULL,NULL,3284,0,0,NULL,0,0,0,NULL),('mbangra4','College_Algebra',12,NULL,NULL,NULL,2520,0,0,NULL,0,0,0,NULL),('mbangra4','College_Algebra',11,NULL,NULL,NULL,1906,0,0,NULL,0,0,0,NULL),('rcarlso6','Orientation',6,NULL,NULL,NULL,3423,0,0,NULL,0,0,0,NULL),('jconwa11','Precalculus',12,NULL,NULL,NULL,3671,0,0,NULL,0,0,0,NULL),('sphilli5','Orientation',4,NULL,NULL,NULL,1828,0,0,NULL,0,0,0,NULL),('sphilli5','Orientation',3,NULL,NULL,NULL,2369,0,0,NULL,0,0,0,NULL),('jconwa11','Precalculus',11,NULL,NULL,NULL,4146,0,0,NULL,0,0,0,NULL),('sphilli5','Orientation',2,NULL,NULL,NULL,4750,0,0,NULL,0,0,0,NULL),('sphilli5','Orientation',1,NULL,NULL,NULL,3772,0,0,NULL,0,0,0,NULL),('jconwa11','Precalculus',10,NULL,NULL,NULL,655,0,0,NULL,0,0,0,NULL),('jconwa11','Precalculus',9,NULL,NULL,NULL,824,0,0,NULL,0,0,0,NULL),('jconwa11','Precalculus',8,NULL,NULL,NULL,1603,0,0,NULL,0,0,0,NULL),('kandrea','Orientation',15,NULL,NULL,NULL,1732,0,0,NULL,0,0,0,NULL),('pstaab','Demo',4,NULL,NULL,NULL,2512,0,0,NULL,0,0,0,NULL),('dvictori','Demo',3,NULL,NULL,NULL,2520,0,0,NULL,0,0,0,NULL),('srheaul2','Demo',5,NULL,NULL,NULL,4840,0,0,NULL,0,0,0,NULL),('epaquin','Demo',5,NULL,NULL,NULL,430,0,0,NULL,0,0,0,NULL),('jbartl12','Demo',4,NULL,NULL,NULL,2901,0,0,NULL,0,0,0,NULL),('rcarlso6','Demo',3,NULL,NULL,NULL,718,0,0,NULL,0,0,0,NULL),('sphilli5','Demo',5,NULL,NULL,NULL,2365,0,0,NULL,0,0,0,NULL),('kandrea','Demo',4,NULL,NULL,NULL,1684,0,0,NULL,0,0,0,NULL),('mbangra4','Demo',3,NULL,NULL,NULL,4870,0,0,NULL,0,0,0,NULL),('srheaul2','Demo',4,NULL,NULL,NULL,3537,0,0,NULL,0,0,0,NULL),('epaquin','Demo',4,NULL,NULL,NULL,912,0,0,NULL,0,0,0,NULL),('jbartl12','Demo',3,NULL,NULL,NULL,4294,0,0,NULL,0,0,0,NULL),('sphilli5','Demo',4,NULL,NULL,NULL,2960,0,0,NULL,0,0,0,NULL),('kandrea','Demo',3,NULL,NULL,NULL,2020,0,0,NULL,0,0,0,NULL),('jtroiani','Demo',5,NULL,NULL,NULL,3160,0,0,NULL,0,0,0,NULL),('kjohns59','Demo',5,NULL,NULL,NULL,4391,0,0,NULL,0,0,0,NULL),('srheaul2','Demo',3,NULL,NULL,NULL,2714,0,0,NULL,0,0,0,NULL),('epaquin','Demo',3,NULL,NULL,NULL,2627,0,0,NULL,0,0,0,NULL),('sphilli5','Demo',3,NULL,NULL,NULL,4586,0,0,NULL,0,0,0,NULL),('jconwa11','Orientation',7,NULL,NULL,NULL,102,0,0,NULL,0,0,0,NULL),('jconwa11','Orientation',6,NULL,NULL,NULL,4971,0,0,NULL,0,0,0,NULL),('jconwa11','Orientation',5,NULL,NULL,NULL,1626,0,0,NULL,0,0,0,NULL),('jconwa11','Orientation',4,NULL,NULL,NULL,1922,0,0,NULL,0,0,0,NULL),('jconwa11','Orientation',3,NULL,NULL,NULL,3060,0,0,NULL,0,0,0,NULL),('jconwa11','Orientation',2,NULL,NULL,NULL,3906,0,0,NULL,0,0,0,NULL),('jconwa11','Orientation',1,NULL,NULL,NULL,4755,0,0,NULL,0,0,0,NULL),('practice9','HW4',1,NULL,NULL,NULL,101,0,0,NULL,0,0,0,NULL),('admin','HW4',1,NULL,NULL,NULL,3690,0,0,NULL,0,0,0,NULL),('jconwa11','HW4',1,NULL,NULL,NULL,4993,0,0,NULL,0,0,0,NULL),('admin','HW1.2',7,NULL,NULL,NULL,2470,0,0,NULL,0,0,0,NULL),('admin','HW1.2',8,NULL,NULL,NULL,4520,0,0,NULL,0,0,0,NULL),('pstaab','HW1.2',9,NULL,NULL,NULL,4170,0,0,NULL,0,0,0,NULL),('profb','HW4',1,NULL,NULL,NULL,2373,0,0,NULL,0,0,0,NULL),('profa','HW4',1,NULL,NULL,NULL,4555,0,0,NULL,0,0,0,NULL),('kandrea','Precalculus',25,NULL,NULL,NULL,2564,0,0,NULL,0,0,0,NULL),('jrateau','Orientation',2,NULL,NULL,NULL,4331,0,0,NULL,0,0,0,NULL),('jrateau','Orientation',1,NULL,NULL,NULL,1940,0,0,NULL,0,0,0,NULL),('srheaul2','College_Algebra',1,NULL,NULL,NULL,4510,0,0,NULL,0,0,0,NULL),('kandrea','Precalculus',8,NULL,NULL,NULL,3722,0,0,NULL,0,0,0,NULL),('pstaab','Orientation',15,NULL,NULL,NULL,2786,0,0,NULL,0,0,0,NULL),('mbangra4','Precalculus',25,NULL,NULL,NULL,2294,0,0,NULL,0,0,0,NULL),('dvictori','Orientation',15,NULL,NULL,NULL,3836,0,0,NULL,0,0,0,NULL),('epaquin','College_Algebra',11,NULL,NULL,NULL,1727,0,0,NULL,0,0,0,NULL),('epaquin','College_Algebra',10,NULL,NULL,NULL,4647,0,0,NULL,0,0,0,NULL),('epaquin','College_Algebra',9,NULL,NULL,NULL,4206,0,0,NULL,0,0,0,NULL),('jtroiani','Orientation',14,NULL,NULL,NULL,1767,0,0,NULL,0,0,0,NULL),('mbangra4','Precalculus',17,NULL,NULL,NULL,2900,0,0,NULL,0,0,0,NULL),('jtroiani','Orientation',13,NULL,NULL,NULL,515,0,0,NULL,0,0,0,NULL),('jbartl12','College_Algebra',10,NULL,NULL,NULL,2638,0,0,NULL,0,0,0,NULL),('mbangra4','Precalculus',16,NULL,NULL,NULL,4587,0,0,NULL,0,0,0,NULL),('sphilli5','College_Algebra',11,NULL,NULL,NULL,2015,0,0,NULL,0,0,0,NULL),('srheaul2','Orientation',5,NULL,NULL,NULL,4673,0,0,NULL,0,0,0,NULL),('sphilli5','College_Algebra',10,NULL,NULL,NULL,3941,0,0,NULL,0,0,0,NULL),('srheaul2','Orientation',4,NULL,NULL,NULL,2399,0,0,NULL,0,0,0,NULL),('jbartl12','Orientation',15,NULL,NULL,NULL,3127,0,0,NULL,0,0,0,NULL),('mbangra4','College_Algebra',10,NULL,NULL,NULL,1806,0,0,NULL,0,0,0,NULL),('rcarlso6','Orientation',5,NULL,NULL,NULL,1727,0,0,NULL,0,0,0,NULL),('mbangra4','College_Algebra',9,NULL,NULL,NULL,4940,0,0,NULL,0,0,0,NULL),('jconwa11','Precalculus',29,NULL,NULL,NULL,1217,0,0,NULL,0,0,0,NULL),('jconwa11','Precalculus',28,NULL,NULL,NULL,3975,0,0,NULL,0,0,0,NULL),('jconwa11','Precalculus',7,NULL,NULL,NULL,4214,0,0,NULL,0,0,0,NULL),('kandrea','Orientation',14,NULL,NULL,NULL,376,0,0,NULL,0,0,0,NULL),('jconwa11','Precalculus',6,NULL,NULL,NULL,3254,0,0,NULL,0,0,0,NULL),('practice9','Demo',3,NULL,NULL,NULL,4372,0,0,NULL,0,0,0,NULL),('practice9','Demo',4,NULL,NULL,NULL,4947,0,0,NULL,0,0,0,NULL),('practice9','Demo',5,NULL,NULL,NULL,1602,0,0,NULL,0,0,0,NULL),('rcarlso6','Demo',5,NULL,NULL,NULL,4055,0,0,NULL,0,0,0,NULL),('profa','Demo',3,NULL,NULL,NULL,3361,0,0,NULL,0,0,0,NULL),('profa','Demo',4,NULL,NULL,NULL,1435,0,0,NULL,0,0,0,NULL),('profa','Demo',5,NULL,NULL,NULL,4268,0,0,NULL,0,0,0,NULL),('pstaab','Demo',3,NULL,NULL,NULL,3471,0,0,NULL,0,0,0,NULL),('profb','Demo',3,NULL,NULL,NULL,258,0,0,NULL,0,0,0,NULL),('profb','Demo',4,NULL,NULL,NULL,2550,0,0,NULL,0,0,0,NULL),('profb','Demo',5,NULL,NULL,NULL,1876,0,0,NULL,0,0,0,NULL),('rcarlso6','College_Algebra',3,NULL,NULL,NULL,2477,0,0,NULL,0,0,0,NULL),('kjohns59','Orientation',4,NULL,NULL,NULL,2214,0,0,NULL,0,0,0,NULL),('admin','College_Algebra',20,NULL,NULL,NULL,1253,0,0,NULL,0,0,0,NULL),('admin','College_Algebra',19,NULL,NULL,NULL,4215,0,0,NULL,0,0,0,NULL),('kjohns59','Orientation',3,NULL,NULL,NULL,4682,0,0,NULL,0,0,0,NULL),('kjohns59','Orientation',2,NULL,NULL,NULL,1262,0,0,NULL,0,0,0,NULL),('rcarlso6','College_Algebra',2,NULL,NULL,NULL,4899,0,0,NULL,0,0,0,NULL),('rcarlso6','College_Algebra',1,NULL,NULL,NULL,4384,0,0,NULL,0,0,0,NULL),('kjohns59','Orientation',1,NULL,NULL,NULL,4737,0,0,NULL,0,0,0,NULL),('mbangra4','Orientation',2,NULL,NULL,NULL,793,0,0,NULL,0,0,0,NULL),('mbangra4','Orientation',1,NULL,NULL,NULL,940,0,0,NULL,0,0,0,NULL),('srheaul2','College_Algebra',11,NULL,NULL,NULL,4574,0,0,NULL,0,0,0,NULL),('jrateau','Orientation',10,NULL,NULL,NULL,3342,0,0,NULL,0,0,0,NULL),('kandrea','Precalculus',24,NULL,NULL,NULL,485,0,0,NULL,0,0,0,NULL),('srheaul2','College_Algebra',10,NULL,NULL,NULL,2199,0,0,NULL,0,0,0,NULL),('srheaul2','College_Algebra',9,NULL,NULL,NULL,3657,0,0,NULL,0,0,0,NULL),('kandrea','Precalculus',23,NULL,NULL,NULL,4311,0,0,NULL,0,0,0,NULL),('jrateau','Orientation',9,NULL,NULL,NULL,3338,0,0,NULL,0,0,0,NULL),('srheaul2','College_Algebra',8,NULL,NULL,NULL,3696,0,0,NULL,0,0,0,NULL),('kandrea','Precalculus',22,NULL,NULL,NULL,968,0,0,NULL,0,0,0,NULL),('srheaul2','College_Algebra',7,NULL,NULL,NULL,493,0,0,NULL,0,0,0,NULL),('jrateau','Orientation',8,NULL,NULL,NULL,1673,0,0,NULL,0,0,0,NULL),('kandrea','Precalculus',21,NULL,NULL,NULL,1896,0,0,NULL,0,0,0,NULL),('srheaul2','College_Algebra',6,NULL,NULL,NULL,2885,0,0,NULL,0,0,0,NULL),('kandrea','Precalculus',7,NULL,NULL,NULL,2321,0,0,NULL,0,0,0,NULL),('pstaab','Orientation',14,NULL,NULL,NULL,2365,0,0,NULL,0,0,0,NULL),('kandrea','Precalculus',6,NULL,NULL,NULL,922,0,0,NULL,0,0,0,NULL),('pstaab','Orientation',13,NULL,NULL,NULL,2443,0,0,NULL,0,0,0,NULL),('kandrea','Precalculus',5,NULL,NULL,NULL,1923,0,0,NULL,0,0,0,NULL),('pstaab','Orientation',12,NULL,NULL,NULL,736,0,0,NULL,0,0,0,NULL),('kandrea','Precalculus',4,NULL,NULL,NULL,969,0,0,NULL,0,0,0,NULL),('pstaab','Orientation',11,NULL,NULL,NULL,1337,0,0,NULL,0,0,0,NULL),('epaquin','College_Algebra',20,NULL,NULL,NULL,3027,0,0,NULL,0,0,0,NULL),('kandrea','Precalculus',3,NULL,NULL,NULL,3944,0,0,NULL,0,0,0,NULL),('pstaab','Orientation',10,NULL,NULL,NULL,1602,0,0,NULL,0,0,0,NULL),('kandrea','Precalculus',2,NULL,NULL,NULL,2175,0,0,NULL,0,0,0,NULL),('pstaab','Orientation',9,NULL,NULL,NULL,1371,0,0,NULL,0,0,0,NULL),('epaquin','College_Algebra',19,NULL,NULL,NULL,3817,0,0,NULL,0,0,0,NULL),('kandrea','Precalculus',1,NULL,NULL,NULL,1797,0,0,NULL,0,0,0,NULL),('mbangra4','Precalculus',24,NULL,NULL,NULL,4875,0,0,NULL,0,0,0,NULL),('dvictori','Orientation',14,NULL,NULL,NULL,4987,0,0,NULL,0,0,0,NULL),('epaquin','College_Algebra',8,NULL,NULL,NULL,3732,0,0,NULL,0,0,0,NULL),('mbangra4','Precalculus',23,NULL,NULL,NULL,3044,0,0,NULL,0,0,0,NULL),('epaquin','College_Algebra',7,NULL,NULL,NULL,1664,0,0,NULL,0,0,0,NULL),('mbangra4','Precalculus',22,NULL,NULL,NULL,1738,0,0,NULL,0,0,0,NULL),('dvictori','Orientation',13,NULL,NULL,NULL,4091,0,0,NULL,0,0,0,NULL),('epaquin','College_Algebra',6,NULL,NULL,NULL,4818,0,0,NULL,0,0,0,NULL),('mbangra4','Precalculus',21,NULL,NULL,NULL,3393,0,0,NULL,0,0,0,NULL),('dvictori','Orientation',12,NULL,NULL,NULL,558,0,0,NULL,0,0,0,NULL),('epaquin','College_Algebra',5,NULL,NULL,NULL,4542,0,0,NULL,0,0,0,NULL),('epaquin','College_Algebra',4,NULL,NULL,NULL,482,0,0,NULL,0,0,0,NULL),('dvictori','Orientation',11,NULL,NULL,NULL,33,0,0,NULL,0,0,0,NULL),('epaquin','College_Algebra',3,NULL,NULL,NULL,4101,0,0,NULL,0,0,0,NULL),('dvictori','Orientation',10,NULL,NULL,NULL,1329,0,0,NULL,0,0,0,NULL),('jtroiani','Orientation',12,NULL,NULL,NULL,4185,0,0,NULL,0,0,0,NULL),('mbangra4','Precalculus',15,NULL,NULL,NULL,1573,0,0,NULL,0,0,0,NULL),('jbartl12','College_Algebra',9,NULL,NULL,NULL,1326,0,0,NULL,0,0,0,NULL),('jtroiani','Orientation',11,NULL,NULL,NULL,1591,0,0,NULL,0,0,0,NULL),('jbartl12','College_Algebra',8,NULL,NULL,NULL,2561,0,0,NULL,0,0,0,NULL),('mbangra4','Precalculus',14,NULL,NULL,NULL,1764,0,0,NULL,0,0,0,NULL),('mbangra4','Precalculus',13,NULL,NULL,NULL,4897,0,0,NULL,0,0,0,NULL),('mbangra4','Precalculus',12,NULL,NULL,NULL,1829,0,0,NULL,0,0,0,NULL),('jtroiani','Orientation',10,NULL,NULL,NULL,577,0,0,NULL,0,0,0,NULL),('jtroiani','Orientation',9,NULL,NULL,NULL,1176,0,0,NULL,0,0,0,NULL),('jtroiani','Orientation',8,NULL,NULL,NULL,3323,0,0,NULL,0,0,0,NULL),('jbartl12','College_Algebra',7,NULL,NULL,NULL,2611,0,0,NULL,0,0,0,NULL),('mbangra4','Precalculus',11,NULL,NULL,NULL,4990,0,0,NULL,0,0,0,NULL),('jbartl12','College_Algebra',6,NULL,NULL,NULL,2409,0,0,NULL,0,0,0,NULL),('jtroiani','Orientation',7,NULL,NULL,NULL,3848,0,0,NULL,0,0,0,NULL),('sphilli5','College_Algebra',9,NULL,NULL,NULL,4428,0,0,NULL,0,0,0,NULL),('srheaul2','Orientation',3,NULL,NULL,NULL,1997,0,0,NULL,0,0,0,NULL),('sphilli5','College_Algebra',8,NULL,NULL,NULL,1689,0,0,NULL,0,0,0,NULL),('srheaul2','Orientation',2,NULL,NULL,NULL,3762,0,0,NULL,0,0,0,NULL),('sphilli5','College_Algebra',7,NULL,NULL,NULL,2209,0,0,NULL,0,0,0,NULL),('srheaul2','Orientation',1,NULL,NULL,NULL,2783,0,0,NULL,0,0,0,NULL),('sphilli5','College_Algebra',6,NULL,NULL,NULL,4938,0,0,NULL,0,0,0,NULL),('sphilli5','College_Algebra',5,NULL,NULL,NULL,4733,0,0,NULL,0,0,0,NULL),('sphilli5','College_Algebra',4,NULL,NULL,NULL,3949,0,0,NULL,0,0,0,NULL),('epaquin','Orientation',15,NULL,NULL,NULL,890,0,0,NULL,0,0,0,NULL),('jbartl12','Orientation',14,NULL,NULL,NULL,1023,0,0,NULL,0,0,0,NULL),('jbartl12','Orientation',13,NULL,NULL,NULL,746,0,0,NULL,0,0,0,NULL),('jbartl12','Orientation',12,NULL,NULL,NULL,611,0,0,NULL,0,0,0,NULL),('jbartl12','Orientation',11,NULL,NULL,NULL,3355,0,0,NULL,0,0,0,NULL),('jbartl12','Orientation',10,NULL,NULL,NULL,3018,0,0,NULL,0,0,0,NULL),('jbartl12','Orientation',9,NULL,NULL,NULL,1414,0,0,NULL,0,0,0,NULL),('rcarlso6','Orientation',4,NULL,NULL,NULL,150,0,0,NULL,0,0,0,NULL),('mbangra4','College_Algebra',8,NULL,NULL,NULL,1518,0,0,NULL,0,0,0,NULL),('rcarlso6','Orientation',3,NULL,NULL,NULL,1576,0,0,NULL,0,0,0,NULL),('jconwa11','Precalculus',27,NULL,NULL,NULL,1625,0,0,NULL,0,0,0,NULL),('rcarlso6','Orientation',2,NULL,NULL,NULL,2596,0,0,NULL,0,0,0,NULL),('mbangra4','College_Algebra',7,NULL,NULL,NULL,2503,0,0,NULL,0,0,0,NULL),('jconwa11','Precalculus',26,NULL,NULL,NULL,4302,0,0,NULL,0,0,0,NULL),('rcarlso6','Orientation',1,NULL,NULL,NULL,4179,0,0,NULL,0,0,0,NULL),('mbangra4','College_Algebra',6,NULL,NULL,NULL,4980,0,0,NULL,0,0,0,NULL),('jconwa11','Precalculus',25,NULL,NULL,NULL,2732,0,0,NULL,0,0,0,NULL),('mbangra4','College_Algebra',5,NULL,NULL,NULL,411,0,0,NULL,0,0,0,NULL),('jconwa11','Precalculus',24,NULL,NULL,NULL,3193,0,0,NULL,0,0,0,NULL),('sphilli5','Orientation',15,NULL,NULL,NULL,1348,0,0,NULL,0,0,0,NULL),('jconwa11','Precalculus',23,NULL,NULL,NULL,3291,0,0,NULL,0,0,0,NULL),('mbangra4','College_Algebra',4,NULL,NULL,NULL,3950,0,0,NULL,0,0,0,NULL),('jconwa11','Precalculus',5,NULL,NULL,NULL,3836,0,0,NULL,0,0,0,NULL),('kandrea','Orientation',13,NULL,NULL,NULL,1407,0,0,NULL,0,0,0,NULL),('kandrea','Orientation',12,NULL,NULL,NULL,4086,0,0,NULL,0,0,0,NULL),('jconwa11','Precalculus',4,NULL,NULL,NULL,1061,0,0,NULL,0,0,0,NULL),('kandrea','Orientation',11,NULL,NULL,NULL,3836,0,0,NULL,0,0,0,NULL),('jconwa11','Precalculus',3,NULL,NULL,NULL,2332,0,0,NULL,0,0,0,NULL),('kandrea','Orientation',10,NULL,NULL,NULL,2998,0,0,NULL,0,0,0,NULL),('jconwa11','Precalculus',2,NULL,NULL,NULL,4267,0,0,NULL,0,0,0,NULL),('kandrea','Orientation',9,NULL,NULL,NULL,758,0,0,NULL,0,0,0,NULL),('jconwa11','Precalculus',1,NULL,NULL,NULL,3937,0,0,NULL,0,0,0,NULL),('practice9','Orientation',1,NULL,NULL,NULL,4219,0,0,NULL,0,0,0,NULL),('practice9','Orientation',2,NULL,NULL,NULL,4210,0,0,NULL,0,0,0,NULL),('practice9','Orientation',3,NULL,NULL,NULL,1931,0,0,NULL,0,0,0,NULL),('practice9','Orientation',4,NULL,NULL,NULL,907,0,0,NULL,0,0,0,NULL),('practice9','Orientation',5,NULL,NULL,NULL,2744,0,0,NULL,0,0,0,NULL),('practice9','Orientation',6,NULL,NULL,NULL,2830,0,0,NULL,0,0,0,NULL),('practice9','Orientation',7,NULL,NULL,NULL,2049,0,0,NULL,0,0,0,NULL),('practice9','Orientation',8,NULL,NULL,NULL,4714,0,0,NULL,0,0,0,NULL),('practice9','Orientation',9,NULL,NULL,NULL,2795,0,0,NULL,0,0,0,NULL),('practice9','Orientation',10,NULL,NULL,NULL,2972,0,0,NULL,0,0,0,NULL),('practice9','Orientation',11,NULL,NULL,NULL,1562,0,0,NULL,0,0,0,NULL),('practice9','Orientation',12,NULL,NULL,NULL,287,0,0,NULL,0,0,0,NULL),('practice9','Orientation',13,NULL,NULL,NULL,3225,0,0,NULL,0,0,0,NULL),('practice9','Orientation',14,NULL,NULL,NULL,409,0,0,NULL,0,0,0,NULL),('practice9','Orientation',15,NULL,NULL,NULL,1506,0,0,NULL,0,0,0,NULL),('profa','Orientation',1,NULL,NULL,NULL,1335,0,0,NULL,0,0,0,NULL),('profa','Orientation',2,NULL,NULL,NULL,905,0,0,NULL,0,0,0,NULL),('profa','Orientation',3,NULL,NULL,NULL,4896,0,0,NULL,0,0,0,NULL),('profa','Orientation',4,NULL,NULL,NULL,4817,0,0,NULL,0,0,0,NULL),('profa','Orientation',5,NULL,NULL,NULL,1509,0,0,NULL,0,0,0,NULL),('profa','Orientation',6,NULL,NULL,NULL,544,0,0,NULL,0,0,0,NULL),('profa','Orientation',7,NULL,NULL,NULL,3915,0,0,NULL,0,0,0,NULL),('profa','Orientation',8,NULL,NULL,NULL,1481,0,0,NULL,0,0,0,NULL),('profa','Orientation',9,NULL,NULL,NULL,3454,0,0,NULL,0,0,0,NULL),('profa','Orientation',10,NULL,NULL,NULL,3164,0,0,NULL,0,0,0,NULL),('profa','Orientation',11,NULL,NULL,NULL,1793,0,0,NULL,0,0,0,NULL),('profa','Orientation',12,NULL,NULL,NULL,2506,0,0,NULL,0,0,0,NULL),('profa','Orientation',13,NULL,NULL,NULL,4975,0,0,NULL,0,0,0,NULL),('profa','Orientation',14,NULL,NULL,NULL,4297,0,0,NULL,0,0,0,NULL),('profa','Orientation',15,NULL,NULL,NULL,1520,0,0,NULL,0,0,0,NULL),('profb','Orientation',1,NULL,NULL,NULL,3671,0,0,NULL,0,0,0,NULL),('profb','Orientation',2,NULL,NULL,NULL,101,0,0,NULL,0,0,0,NULL),('profb','Orientation',3,NULL,NULL,NULL,1599,0,0,NULL,0,0,0,NULL),('profb','Orientation',4,NULL,NULL,NULL,163,0,0,NULL,0,0,0,NULL),('profb','Orientation',5,NULL,NULL,NULL,1539,0,0,NULL,0,0,0,NULL),('profb','Orientation',6,NULL,NULL,NULL,1266,0,0,NULL,0,0,0,NULL),('profb','Orientation',7,NULL,NULL,NULL,407,0,0,NULL,0,0,0,NULL),('profb','Orientation',8,NULL,NULL,NULL,716,0,0,NULL,0,0,0,NULL),('profb','Orientation',9,NULL,NULL,NULL,2287,0,0,NULL,0,0,0,NULL),('profb','Orientation',10,NULL,NULL,NULL,3012,0,0,NULL,0,0,0,NULL),('profb','Orientation',11,NULL,NULL,NULL,412,0,0,NULL,0,0,0,NULL),('profb','Orientation',12,NULL,NULL,NULL,3411,0,0,NULL,0,0,0,NULL),('profb','Orientation',13,NULL,NULL,NULL,1160,0,0,NULL,0,0,0,NULL),('profb','Orientation',14,NULL,NULL,NULL,883,0,0,NULL,0,0,0,NULL),('profb','Orientation',15,NULL,NULL,NULL,467,0,0,NULL,0,0,0,NULL),('srheaul2','College_Algebra',12,NULL,NULL,NULL,203,0,0,NULL,0,0,0,NULL),('jconwa11','College_Algebra',20,NULL,NULL,NULL,3211,0,0,NULL,0,0,0,NULL),('jconwa11','College_Algebra',19,NULL,NULL,NULL,4843,0,0,NULL,0,0,0,NULL),('jconwa11','College_Algebra',18,NULL,NULL,NULL,3777,0,0,NULL,0,0,0,NULL),('jconwa11','College_Algebra',17,NULL,NULL,NULL,2782,0,0,NULL,0,0,0,NULL),('jconwa11','College_Algebra',16,NULL,NULL,NULL,1781,0,0,NULL,0,0,0,NULL),('jconwa11','College_Algebra',15,NULL,NULL,NULL,3335,0,0,NULL,0,0,0,NULL),('jconwa11','College_Algebra',14,NULL,NULL,NULL,4690,0,0,NULL,0,0,0,NULL),('jconwa11','College_Algebra',13,NULL,NULL,NULL,4316,0,0,NULL,0,0,0,NULL),('jconwa11','College_Algebra',12,NULL,NULL,NULL,42,0,0,NULL,0,0,0,NULL),('jconwa11','College_Algebra',11,NULL,NULL,NULL,4847,0,0,NULL,0,0,0,NULL),('jconwa11','College_Algebra',10,NULL,NULL,NULL,3187,0,0,NULL,0,0,0,NULL),('jconwa11','College_Algebra',9,NULL,NULL,NULL,2342,0,0,NULL,0,0,0,NULL),('jconwa11','College_Algebra',8,NULL,NULL,NULL,2345,0,0,NULL,0,0,0,NULL),('jconwa11','College_Algebra',7,NULL,NULL,NULL,2026,0,0,NULL,0,0,0,NULL),('jconwa11','College_Algebra',6,NULL,NULL,NULL,3690,0,0,NULL,0,0,0,NULL),('jconwa11','College_Algebra',5,NULL,NULL,NULL,1100,0,0,NULL,0,0,0,NULL),('jconwa11','College_Algebra',4,NULL,NULL,NULL,3157,0,0,NULL,0,0,0,NULL),('jconwa11','College_Algebra',3,NULL,NULL,NULL,873,0,0,NULL,0,0,0,NULL),('jconwa11','College_Algebra',2,NULL,NULL,NULL,458,0,0,NULL,0,0,0,NULL),('kandrea','Precalculus',27,NULL,NULL,NULL,3240,0,0,NULL,0,0,0,NULL),('jrateau','Orientation',12,NULL,NULL,NULL,4066,0,0,NULL,0,0,0,NULL),('srheaul2','College_Algebra',13,NULL,NULL,NULL,482,0,0,NULL,0,0,0,NULL),('kandrea','Precalculus',26,NULL,NULL,NULL,3907,0,0,NULL,0,0,0,NULL),('jrateau','Orientation',11,NULL,NULL,NULL,1721,0,0,NULL,0,0,0,NULL),('admin','College_Algebra',18,NULL,NULL,NULL,3722,0,0,NULL,0,0,0,NULL),('admin','College_Algebra',17,NULL,NULL,NULL,1048,0,0,NULL,0,0,0,NULL),('admin','College_Algebra',16,NULL,NULL,NULL,3191,0,0,NULL,0,0,0,NULL),('admin','Precalculus',29,NULL,NULL,NULL,47,0,0,NULL,0,0,0,NULL),('admin','Precalculus',28,NULL,NULL,NULL,4019,0,0,NULL,0,0,0,NULL),('admin','Precalculus',27,NULL,NULL,NULL,3588,0,0,NULL,0,0,0,NULL),('admin','Precalculus',26,NULL,NULL,NULL,1441,0,0,NULL,0,0,0,NULL),('admin','Precalculus',25,NULL,NULL,NULL,4536,0,0,NULL,0,0,0,NULL),('profb','Precalculus',21,NULL,NULL,NULL,1521,0,0,NULL,0,0,0,NULL),('profb','Precalculus',22,NULL,NULL,NULL,3946,0,0,NULL,0,0,0,NULL),('profb','Precalculus',23,NULL,NULL,NULL,475,0,0,NULL,0,0,0,NULL),('mbangra4','Demo',5,NULL,NULL,NULL,1330,0,0,NULL,0,0,0,NULL),('profb','Precalculus',24,NULL,NULL,NULL,3462,0,0,NULL,0,0,0,NULL),('profb','Precalculus',20,NULL,NULL,NULL,1811,0,0,NULL,0,0,0,NULL),('profb','Precalculus',19,NULL,NULL,NULL,2435,0,0,NULL,0,0,0,NULL),('admin','Orientation',15,NULL,NULL,NULL,4483,0,0,NULL,0,0,0,NULL),('profb','Precalculus',18,NULL,NULL,NULL,500,0,0,NULL,0,0,0,NULL),('admin','Orientation',13,NULL,NULL,NULL,1289,0,0,NULL,0,0,0,NULL),('admin','Orientation',14,NULL,NULL,NULL,613,0,0,NULL,0,0,0,NULL),('profb','Precalculus',14,NULL,NULL,NULL,383,0,0,NULL,0,0,0,NULL),('profb','Precalculus',15,NULL,NULL,NULL,915,0,0,NULL,0,0,0,NULL),('profb','Precalculus',16,NULL,NULL,NULL,2456,0,0,NULL,0,0,0,NULL),('profb','Precalculus',17,NULL,NULL,NULL,4659,0,0,NULL,0,0,0,NULL),('admin','Orientation',8,NULL,NULL,NULL,3887,0,0,NULL,0,0,0,NULL),('admin','Orientation',9,NULL,NULL,NULL,4132,0,0,NULL,0,0,0,NULL),('admin','Orientation',10,NULL,NULL,NULL,2229,0,0,NULL,0,0,0,NULL),('admin','Orientation',11,NULL,NULL,NULL,4229,0,0,NULL,0,0,0,NULL),('admin','Orientation',12,NULL,NULL,NULL,1348,0,0,NULL,0,0,0,NULL),('profb','Precalculus',13,NULL,NULL,NULL,3540,0,0,NULL,0,0,0,NULL),('profb','Precalculus',12,NULL,NULL,NULL,1136,0,0,NULL,0,0,0,NULL),('admin','Orientation',7,NULL,NULL,NULL,3590,0,0,NULL,0,0,0,NULL),('admin','Orientation',6,NULL,NULL,NULL,2413,0,0,NULL,0,0,0,NULL),('profb','Precalculus',11,NULL,NULL,NULL,3109,0,0,NULL,0,0,0,NULL),('admin','Orientation',5,NULL,NULL,NULL,1199,0,0,NULL,0,0,0,NULL),('profb','Precalculus',9,NULL,NULL,NULL,1973,0,0,NULL,0,0,0,NULL),('profb','Precalculus',10,NULL,NULL,NULL,1613,0,0,NULL,0,0,0,NULL),('profb','Precalculus',5,NULL,NULL,NULL,3238,0,0,NULL,0,0,0,NULL),('admin','Orientation',1,NULL,NULL,NULL,1631,0,0,NULL,0,0,0,NULL),('profb','Precalculus',6,NULL,NULL,NULL,842,0,0,NULL,0,0,0,NULL),('admin','Orientation',2,NULL,NULL,NULL,4211,0,0,NULL,0,0,0,NULL),('profb','Precalculus',7,NULL,NULL,NULL,2639,0,0,NULL,0,0,0,NULL),('admin','Orientation',3,NULL,NULL,NULL,238,0,0,NULL,0,0,0,NULL),('profb','Precalculus',8,NULL,NULL,NULL,652,0,0,NULL,0,0,0,NULL),('admin','Orientation',4,NULL,NULL,NULL,2088,0,0,NULL,0,0,0,NULL),('rcarlso6','Demo',4,NULL,NULL,NULL,2518,0,0,NULL,0,0,0,NULL),('profb','Precalculus',4,NULL,NULL,NULL,4247,0,0,NULL,0,0,0,NULL),('profb','HW1.2',9,NULL,NULL,NULL,1263,0,0,NULL,0,0,0,NULL),('profb','Precalculus',28,NULL,NULL,NULL,4712,0,0,NULL,0,0,0,NULL),('profb','Precalculus',27,NULL,NULL,NULL,126,0,0,NULL,0,0,0,NULL),('profb','Precalculus',26,NULL,NULL,NULL,1214,0,0,NULL,0,0,0,NULL),('profb','Precalculus',25,NULL,NULL,NULL,4566,0,0,NULL,0,0,0,NULL),('practice9','Precalculus',1,NULL,NULL,NULL,2248,0,0,NULL,0,0,0,NULL),('practice9','Precalculus',2,NULL,NULL,NULL,1325,0,0,NULL,0,0,0,NULL),('practice9','Precalculus',3,NULL,NULL,NULL,2903,0,0,NULL,0,0,0,NULL),('practice9','Precalculus',20,NULL,NULL,NULL,2937,0,0,NULL,0,0,0,NULL),('practice9','Precalculus',19,NULL,NULL,NULL,3944,0,0,NULL,0,0,0,NULL),('practice9','Precalculus',18,NULL,NULL,NULL,2347,0,0,NULL,0,0,0,NULL),('practice9','Precalculus',17,NULL,NULL,NULL,2020,0,0,NULL,0,0,0,NULL),('practice9','Precalculus',16,NULL,NULL,NULL,4765,0,0,NULL,0,0,0,NULL),('practice9','Precalculus',15,NULL,NULL,NULL,965,0,0,NULL,0,0,0,NULL),('practice9','Precalculus',14,NULL,NULL,NULL,2535,0,0,NULL,0,0,0,NULL),('practice9','Precalculus',13,NULL,NULL,NULL,4389,0,0,NULL,0,0,0,NULL),('practice9','Precalculus',12,NULL,NULL,NULL,2863,0,0,NULL,0,0,0,NULL),('practice9','Precalculus',11,NULL,NULL,NULL,4316,0,0,NULL,0,0,0,NULL),('practice9','Precalculus',10,NULL,NULL,NULL,1833,0,0,NULL,0,0,0,NULL),('practice9','Precalculus',9,NULL,NULL,NULL,4431,0,0,NULL,0,0,0,NULL),('practice9','Precalculus',8,NULL,NULL,NULL,1014,0,0,NULL,0,0,0,NULL),('practice9','Precalculus',7,NULL,NULL,NULL,713,0,0,NULL,0,0,0,NULL),('practice9','Precalculus',6,NULL,NULL,NULL,2003,0,0,NULL,0,0,0,NULL),('practice9','Precalculus',5,NULL,NULL,NULL,725,0,0,NULL,0,0,0,NULL),('practice9','Precalculus',4,NULL,NULL,NULL,4062,0,0,NULL,0,0,0,NULL),('jconwa11','Demo',3,NULL,NULL,NULL,4322,0,0,NULL,0,0,0,NULL),('jconwa11','Demo',4,NULL,NULL,NULL,1133,0,0,NULL,0,0,0,NULL),('jconwa11','Demo',5,NULL,NULL,NULL,497,0,0,NULL,0,0,0,NULL),('admin','HW1.2',9,NULL,NULL,NULL,4301,0,0,NULL,0,0,0,NULL),('practice9','HW1.2',9,NULL,NULL,NULL,3766,0,0,NULL,0,0,0,NULL),('profa','HW1.2',9,NULL,NULL,NULL,1512,0,0,NULL,0,0,0,NULL),('profb','Precalculus',29,NULL,NULL,NULL,3567,0,0,NULL,0,0,0,NULL),('admin','College_Algebra',15,NULL,NULL,NULL,3493,0,0,NULL,0,0,0,NULL),('admin','Precalculus',24,NULL,NULL,NULL,2729,0,0,NULL,0,0,0,NULL),('admin','Precalculus',23,NULL,NULL,NULL,2838,0,0,NULL,0,0,0,NULL),('admin','College_Algebra',14,NULL,NULL,NULL,2693,0,0,NULL,0,0,0,NULL),('admin','Precalculus',22,NULL,NULL,NULL,2814,0,0,NULL,0,0,0,NULL),('admin','Precalculus',21,NULL,NULL,NULL,51,0,0,NULL,0,0,0,NULL),('admin','College_Algebra',13,NULL,NULL,NULL,1296,0,0,NULL,0,0,0,NULL),('admin','Precalculus',20,NULL,NULL,NULL,4788,0,0,NULL,0,0,0,NULL),('admin','College_Algebra',12,NULL,NULL,NULL,755,0,0,NULL,0,0,0,NULL),('admin','Precalculus',19,NULL,NULL,NULL,582,0,0,NULL,0,0,0,NULL),('admin','Precalculus',18,NULL,NULL,NULL,4366,0,0,NULL,0,0,0,NULL),('admin','College_Algebra',11,NULL,NULL,NULL,3213,0,0,NULL,0,0,0,NULL),('admin','Precalculus',17,NULL,NULL,NULL,3622,0,0,NULL,0,0,0,NULL),('admin','College_Algebra',10,NULL,NULL,NULL,3097,0,0,NULL,0,0,0,NULL),('practice9','College_Algebra',1,NULL,NULL,NULL,4368,0,0,NULL,0,0,0,NULL),('practice9','College_Algebra',2,NULL,NULL,NULL,3210,0,0,NULL,0,0,0,NULL),('practice9','College_Algebra',3,NULL,NULL,NULL,4636,0,0,NULL,0,0,0,NULL),('practice9','College_Algebra',4,NULL,NULL,NULL,367,0,0,NULL,0,0,0,NULL),('practice9','College_Algebra',5,NULL,NULL,NULL,2394,0,0,NULL,0,0,0,NULL),('practice9','College_Algebra',6,NULL,NULL,NULL,2931,0,0,NULL,0,0,0,NULL),('practice9','College_Algebra',7,NULL,NULL,NULL,1050,0,0,NULL,0,0,0,NULL),('practice9','College_Algebra',8,NULL,NULL,NULL,900,0,0,NULL,0,0,0,NULL),('practice9','College_Algebra',9,NULL,NULL,NULL,1711,0,0,NULL,0,0,0,NULL),('practice9','College_Algebra',10,NULL,NULL,NULL,1051,0,0,NULL,0,0,0,NULL),('practice9','College_Algebra',11,NULL,NULL,NULL,3140,0,0,NULL,0,0,0,NULL),('practice9','College_Algebra',12,NULL,NULL,NULL,3348,0,0,NULL,0,0,0,NULL),('practice9','College_Algebra',13,NULL,NULL,NULL,3138,0,0,NULL,0,0,0,NULL),('practice9','College_Algebra',14,NULL,NULL,NULL,4064,0,0,NULL,0,0,0,NULL),('practice9','College_Algebra',15,NULL,NULL,NULL,1751,0,0,NULL,0,0,0,NULL),('practice9','College_Algebra',16,NULL,NULL,NULL,406,0,0,NULL,0,0,0,NULL),('practice9','College_Algebra',17,NULL,NULL,NULL,3990,0,0,NULL,0,0,0,NULL),('practice9','College_Algebra',18,NULL,NULL,NULL,2212,0,0,NULL,0,0,0,NULL),('practice9','College_Algebra',19,NULL,NULL,NULL,1072,0,0,NULL,0,0,0,NULL),('practice9','College_Algebra',20,NULL,NULL,NULL,4130,0,0,NULL,0,0,0,NULL),('mbangra4','Precalculus',2,NULL,NULL,NULL,4380,0,0,NULL,0,0,0,NULL),('rcarlso6','College_Algebra',9,NULL,NULL,NULL,964,0,0,NULL,0,0,0,NULL),('rcarlso6','College_Algebra',8,NULL,NULL,NULL,3403,0,0,NULL,0,0,0,NULL),('kjohns59','Orientation',8,NULL,NULL,NULL,2818,0,0,NULL,0,0,0,NULL),('rcarlso6','College_Algebra',7,NULL,NULL,NULL,4936,0,0,NULL,0,0,0,NULL),('kjohns59','Orientation',7,NULL,NULL,NULL,1858,0,0,NULL,0,0,0,NULL),('rcarlso6','College_Algebra',6,NULL,NULL,NULL,1502,0,0,NULL,0,0,0,NULL),('mbangra4','Precalculus',1,NULL,NULL,NULL,4146,0,0,NULL,0,0,0,NULL),('kjohns59','Orientation',6,NULL,NULL,NULL,3696,0,0,NULL,0,0,0,NULL),('rcarlso6','College_Algebra',5,NULL,NULL,NULL,3309,0,0,NULL,0,0,0,NULL),('kjohns59','Orientation',5,NULL,NULL,NULL,3698,0,0,NULL,0,0,0,NULL),('rcarlso6','College_Algebra',4,NULL,NULL,NULL,444,0,0,NULL,0,0,0,NULL),('profa','College_Algebra',1,NULL,NULL,NULL,4506,0,0,NULL,0,0,0,NULL),('profa','College_Algebra',2,NULL,NULL,NULL,341,0,0,NULL,0,0,0,NULL),('profa','College_Algebra',3,NULL,NULL,NULL,3597,0,0,NULL,0,0,0,NULL),('profa','College_Algebra',4,NULL,NULL,NULL,3771,0,0,NULL,0,0,0,NULL),('profa','College_Algebra',5,NULL,NULL,NULL,4052,0,0,NULL,0,0,0,NULL),('profa','College_Algebra',6,NULL,NULL,NULL,3977,0,0,NULL,0,0,0,NULL),('profa','College_Algebra',7,NULL,NULL,NULL,612,0,0,NULL,0,0,0,NULL),('profa','College_Algebra',8,NULL,NULL,NULL,2715,0,0,NULL,0,0,0,NULL),('profa','College_Algebra',9,NULL,NULL,NULL,4073,0,0,NULL,0,0,0,NULL),('profa','College_Algebra',10,NULL,NULL,NULL,807,0,0,NULL,0,0,0,NULL),('profa','College_Algebra',11,NULL,NULL,NULL,3457,0,0,NULL,0,0,0,NULL),('profa','College_Algebra',12,NULL,NULL,NULL,3931,0,0,NULL,0,0,0,NULL),('profa','College_Algebra',13,NULL,NULL,NULL,3522,0,0,NULL,0,0,0,NULL),('profa','College_Algebra',14,NULL,NULL,NULL,4102,0,0,NULL,0,0,0,NULL),('profa','College_Algebra',15,NULL,NULL,NULL,3946,0,0,NULL,0,0,0,NULL),('profa','College_Algebra',16,NULL,NULL,NULL,3672,0,0,NULL,0,0,0,NULL),('profa','College_Algebra',17,NULL,NULL,NULL,464,0,0,NULL,0,0,0,NULL),('profa','College_Algebra',18,NULL,NULL,NULL,2624,0,0,NULL,0,0,0,NULL),('profa','College_Algebra',19,NULL,NULL,NULL,1700,0,0,NULL,0,0,0,NULL),('profa','College_Algebra',20,NULL,NULL,NULL,3603,0,0,NULL,0,0,0,NULL),('profb','College_Algebra',1,NULL,NULL,NULL,4018,0,0,NULL,0,0,0,NULL),('profb','College_Algebra',2,NULL,NULL,NULL,3791,0,0,NULL,0,0,0,NULL),('profb','College_Algebra',3,NULL,NULL,NULL,2735,0,0,NULL,0,0,0,NULL),('profb','College_Algebra',4,NULL,NULL,NULL,2677,0,0,NULL,0,0,0,NULL),('profb','College_Algebra',5,NULL,NULL,NULL,3866,0,0,NULL,0,0,0,NULL),('profb','College_Algebra',6,NULL,NULL,NULL,2776,0,0,NULL,0,0,0,NULL),('profb','College_Algebra',7,NULL,NULL,NULL,3600,0,0,NULL,0,0,0,NULL),('profb','College_Algebra',8,NULL,NULL,NULL,2594,0,0,NULL,0,0,0,NULL),('profb','College_Algebra',9,NULL,NULL,NULL,2455,0,0,NULL,0,0,0,NULL),('profb','College_Algebra',10,NULL,NULL,NULL,524,0,0,NULL,0,0,0,NULL),('profb','College_Algebra',11,NULL,NULL,NULL,3490,0,0,NULL,0,0,0,NULL),('profb','College_Algebra',12,NULL,NULL,NULL,2856,0,0,NULL,0,0,0,NULL),('profb','College_Algebra',13,NULL,NULL,NULL,3370,0,0,NULL,0,0,0,NULL),('profb','College_Algebra',14,NULL,NULL,NULL,1474,0,0,NULL,0,0,0,NULL),('profb','College_Algebra',15,NULL,NULL,NULL,702,0,0,NULL,0,0,0,NULL),('profb','College_Algebra',16,NULL,NULL,NULL,3573,0,0,NULL,0,0,0,NULL),('profb','College_Algebra',17,NULL,NULL,NULL,1485,0,0,NULL,0,0,0,NULL),('profb','College_Algebra',18,NULL,NULL,NULL,3301,0,0,NULL,0,0,0,NULL),('profb','College_Algebra',19,NULL,NULL,NULL,1649,0,0,NULL,0,0,0,NULL),('profb','College_Algebra',20,NULL,NULL,NULL,2447,0,0,NULL,0,0,0,NULL),('kjohns59','Demo',3,NULL,NULL,NULL,2504,0,0,NULL,0,0,0,NULL),('kjohns59','Demo',4,NULL,NULL,NULL,3397,0,0,NULL,0,0,0,NULL),('profb','Precalculus',1,NULL,NULL,NULL,2960,0,0,NULL,0,0,0,NULL),('profa','Precalculus',29,NULL,NULL,NULL,652,0,0,NULL,0,0,0,NULL),('jtroiani','Demo',4,NULL,NULL,NULL,1747,0,0,NULL,0,0,0,NULL),('profa','Precalculus',28,NULL,NULL,NULL,190,0,0,NULL,0,0,0,NULL),('profa','Precalculus',27,NULL,NULL,NULL,4710,0,0,NULL,0,0,0,NULL),('dvictori','Demo',4,NULL,NULL,NULL,1234,0,0,NULL,0,0,0,NULL),('dvictori','Demo',5,NULL,NULL,NULL,1178,0,0,NULL,0,0,0,NULL),('profa','Precalculus',22,NULL,NULL,NULL,4326,0,0,NULL,0,0,0,NULL),('profa','Precalculus',23,NULL,NULL,NULL,484,0,0,NULL,0,0,0,NULL),('profa','Precalculus',24,NULL,NULL,NULL,1860,0,0,NULL,0,0,0,NULL),('profa','Precalculus',25,NULL,NULL,NULL,4478,0,0,NULL,0,0,0,NULL),('profa','Precalculus',26,NULL,NULL,NULL,2488,0,0,NULL,0,0,0,NULL),('profa','Precalculus',21,NULL,NULL,NULL,1087,0,0,NULL,0,0,0,NULL),('practice9','Precalculus',21,NULL,NULL,NULL,3757,0,0,NULL,0,0,0,NULL),('practice9','Precalculus',22,NULL,NULL,NULL,4714,0,0,NULL,0,0,0,NULL),('practice9','Precalculus',23,NULL,NULL,NULL,3463,0,0,NULL,0,0,0,NULL),('practice9','Precalculus',24,NULL,NULL,NULL,2611,0,0,NULL,0,0,0,NULL),('practice9','Precalculus',25,NULL,NULL,NULL,570,0,0,NULL,0,0,0,NULL),('practice9','Precalculus',26,NULL,NULL,NULL,4878,0,0,NULL,0,0,0,NULL),('practice9','Precalculus',27,NULL,NULL,NULL,4956,0,0,NULL,0,0,0,NULL),('practice9','Precalculus',28,NULL,NULL,NULL,2706,0,0,NULL,0,0,0,NULL),('practice9','Precalculus',29,NULL,NULL,NULL,4344,0,0,NULL,0,0,0,NULL),('profa','Precalculus',1,NULL,NULL,NULL,4879,0,0,NULL,0,0,0,NULL),('profa','Precalculus',2,NULL,NULL,NULL,4158,0,0,NULL,0,0,0,NULL),('profa','Precalculus',3,NULL,NULL,NULL,1002,0,0,NULL,0,0,0,NULL),('profa','Precalculus',4,NULL,NULL,NULL,3675,0,0,NULL,0,0,0,NULL),('profa','Precalculus',5,NULL,NULL,NULL,1478,0,0,NULL,0,0,0,NULL),('profa','Precalculus',6,NULL,NULL,NULL,874,0,0,NULL,0,0,0,NULL),('admin','Demo',3,NULL,NULL,NULL,3233,0,0,NULL,0,0,0,NULL),('profa','Precalculus',7,NULL,NULL,NULL,4955,0,0,NULL,0,0,0,NULL),('admin','Demo',4,NULL,NULL,NULL,1522,0,0,NULL,0,0,0,NULL),('admin','Demo',5,NULL,NULL,NULL,1938,0,0,NULL,0,0,0,NULL),('profa','Precalculus',8,NULL,NULL,NULL,3036,0,0,NULL,0,0,0,NULL),('profa','Precalculus',9,NULL,NULL,NULL,2917,0,0,NULL,0,0,0,NULL),('profa','Precalculus',10,NULL,NULL,NULL,4704,0,0,NULL,0,0,0,NULL),('profa','Precalculus',11,NULL,NULL,NULL,1717,0,0,NULL,0,0,0,NULL),('profa','Precalculus',12,NULL,NULL,NULL,3949,0,0,NULL,0,0,0,NULL),('profa','Precalculus',13,NULL,NULL,NULL,2409,0,0,NULL,0,0,0,NULL),('profa','Precalculus',14,NULL,NULL,NULL,3278,0,0,NULL,0,0,0,NULL),('profa','Precalculus',15,NULL,NULL,NULL,759,0,0,NULL,0,0,0,NULL),('profa','Precalculus',16,NULL,NULL,NULL,702,0,0,NULL,0,0,0,NULL),('profa','Precalculus',17,NULL,NULL,NULL,2160,0,0,NULL,0,0,0,NULL),('profa','Precalculus',18,NULL,NULL,NULL,2489,0,0,NULL,0,0,0,NULL),('profa','Precalculus',19,NULL,NULL,NULL,1185,0,0,NULL,0,0,0,NULL),('profa','Precalculus',20,NULL,NULL,NULL,765,0,0,NULL,0,0,0,NULL),('epaquin','College_Algebra',2,NULL,NULL,NULL,2744,0,0,NULL,0,0,0,NULL),('dvictori','Orientation',9,NULL,NULL,NULL,3225,0,0,NULL,0,0,0,NULL),('dvictori','Orientation',8,NULL,NULL,NULL,1041,0,0,NULL,0,0,0,NULL),('epaquin','College_Algebra',1,NULL,NULL,NULL,4428,0,0,NULL,0,0,0,NULL),('dvictori','Orientation',7,NULL,NULL,NULL,1554,0,0,NULL,0,0,0,NULL),('dvictori','Orientation',6,NULL,NULL,NULL,3529,0,0,NULL,0,0,0,NULL),('jbartl12','College_Algebra',20,NULL,NULL,NULL,4129,0,0,NULL,0,0,0,NULL),('dvictori','Orientation',5,NULL,NULL,NULL,4258,0,0,NULL,0,0,0,NULL),('mbangra4','Precalculus',10,NULL,NULL,NULL,248,0,0,NULL,0,0,0,NULL),('jbartl12','College_Algebra',5,NULL,NULL,NULL,2005,0,0,NULL,0,0,0,NULL),('jtroiani','Orientation',6,NULL,NULL,NULL,4274,0,0,NULL,0,0,0,NULL),('jtroiani','Orientation',5,NULL,NULL,NULL,1741,0,0,NULL,0,0,0,NULL),('jtroiani','Orientation',4,NULL,NULL,NULL,2552,0,0,NULL,0,0,0,NULL),('mbangra4','Precalculus',9,NULL,NULL,NULL,84,0,0,NULL,0,0,0,NULL),('jbartl12','College_Algebra',4,NULL,NULL,NULL,1786,0,0,NULL,0,0,0,NULL),('jbartl12','College_Algebra',3,NULL,NULL,NULL,400,0,0,NULL,0,0,0,NULL),('jbartl12','College_Algebra',2,NULL,NULL,NULL,4220,0,0,NULL,0,0,0,NULL),('jbartl12','College_Algebra',1,NULL,NULL,NULL,3646,0,0,NULL,0,0,0,NULL),('rcarlso6','College_Algebra',20,NULL,NULL,NULL,4716,0,0,NULL,0,0,0,NULL),('rcarlso6','College_Algebra',19,NULL,NULL,NULL,2101,0,0,NULL,0,0,0,NULL),('rcarlso6','College_Algebra',18,NULL,NULL,NULL,1150,0,0,NULL,0,0,0,NULL),('jtroiani','Orientation',3,NULL,NULL,NULL,1660,0,0,NULL,0,0,0,NULL),('jtroiani','Orientation',2,NULL,NULL,NULL,1648,0,0,NULL,0,0,0,NULL),('mbangra4','Precalculus',8,NULL,NULL,NULL,919,0,0,NULL,0,0,0,NULL),('rcarlso6','College_Algebra',17,NULL,NULL,NULL,1514,0,0,NULL,0,0,0,NULL),('mbangra4','Precalculus',7,NULL,NULL,NULL,3458,0,0,NULL,0,0,0,NULL),('jtroiani','Orientation',1,NULL,NULL,NULL,145,0,0,NULL,0,0,0,NULL),('rcarlso6','College_Algebra',16,NULL,NULL,NULL,1026,0,0,NULL,0,0,0,NULL),('rcarlso6','College_Algebra',15,NULL,NULL,NULL,443,0,0,NULL,0,0,0,NULL),('kjohns59','Orientation',15,NULL,NULL,NULL,2155,0,0,NULL,0,0,0,NULL),('kjohns59','Orientation',14,NULL,NULL,NULL,3726,0,0,NULL,0,0,0,NULL),('kjohns59','Orientation',13,NULL,NULL,NULL,4247,0,0,NULL,0,0,0,NULL),('kjohns59','Orientation',12,NULL,NULL,NULL,1563,0,0,NULL,0,0,0,NULL),('sphilli5','College_Algebra',3,NULL,NULL,NULL,1973,0,0,NULL,0,0,0,NULL),('epaquin','Orientation',14,NULL,NULL,NULL,3768,0,0,NULL,0,0,0,NULL),('sphilli5','College_Algebra',2,NULL,NULL,NULL,1503,0,0,NULL,0,0,0,NULL),('epaquin','Orientation',13,NULL,NULL,NULL,1676,0,0,NULL,0,0,0,NULL),('sphilli5','College_Algebra',1,NULL,NULL,NULL,1258,0,0,NULL,0,0,0,NULL),('epaquin','Orientation',12,NULL,NULL,NULL,1938,0,0,NULL,0,0,0,NULL),('epaquin','Orientation',11,NULL,NULL,NULL,4261,0,0,NULL,0,0,0,NULL),('epaquin','Orientation',10,NULL,NULL,NULL,4591,0,0,NULL,0,0,0,NULL),('epaquin','Orientation',9,NULL,NULL,NULL,3336,0,0,NULL,0,0,0,NULL),('epaquin','Orientation',8,NULL,NULL,NULL,1884,0,0,NULL,0,0,0,NULL),('epaquin','Orientation',7,NULL,NULL,NULL,969,0,0,NULL,0,0,0,NULL),('epaquin','Orientation',6,NULL,NULL,NULL,2074,0,0,NULL,0,0,0,NULL),('jbartl12','Orientation',8,NULL,NULL,NULL,3361,0,0,NULL,0,0,0,NULL),('jbartl12','Orientation',7,NULL,NULL,NULL,1887,0,0,NULL,0,0,0,NULL),('jbartl12','Orientation',6,NULL,NULL,NULL,142,0,0,NULL,0,0,0,NULL),('jbartl12','Orientation',5,NULL,NULL,NULL,2942,0,0,NULL,0,0,0,NULL),('mbangra4','College_Algebra',20,NULL,NULL,NULL,1148,0,0,NULL,0,0,0,NULL),('jbartl12','Orientation',4,NULL,NULL,NULL,4153,0,0,NULL,0,0,0,NULL),('jbartl12','Orientation',3,NULL,NULL,NULL,2788,0,0,NULL,0,0,0,NULL),('jbartl12','Orientation',2,NULL,NULL,NULL,3245,0,0,NULL,0,0,0,NULL),('jbartl12','Orientation',1,NULL,NULL,NULL,1201,0,0,NULL,0,0,0,NULL),('mbangra4','College_Algebra',19,NULL,NULL,NULL,2668,0,0,NULL,0,0,0,NULL),('mbangra4','College_Algebra',18,NULL,NULL,NULL,609,0,0,NULL,0,0,0,NULL),('mbangra4','College_Algebra',17,NULL,NULL,NULL,2510,0,0,NULL,0,0,0,NULL),('rcarlso6','Orientation',15,NULL,NULL,NULL,4838,0,0,NULL,0,0,0,NULL),('mbangra4','College_Algebra',16,NULL,NULL,NULL,1492,0,0,NULL,0,0,0,NULL),('rcarlso6','Orientation',14,NULL,NULL,NULL,3773,0,0,NULL,0,0,0,NULL),('sphilli5','Orientation',14,NULL,NULL,NULL,3915,0,0,NULL,0,0,0,NULL),('jconwa11','Precalculus',22,NULL,NULL,NULL,1186,0,0,NULL,0,0,0,NULL),('mbangra4','College_Algebra',3,NULL,NULL,NULL,2668,0,0,NULL,0,0,0,NULL),('sphilli5','Orientation',13,NULL,NULL,NULL,2326,0,0,NULL,0,0,0,NULL),('jconwa11','Precalculus',21,NULL,NULL,NULL,1576,0,0,NULL,0,0,0,NULL),('mbangra4','College_Algebra',2,NULL,NULL,NULL,345,0,0,NULL,0,0,0,NULL),('sphilli5','Orientation',12,NULL,NULL,NULL,171,0,0,NULL,0,0,0,NULL),('mbangra4','College_Algebra',1,NULL,NULL,NULL,926,0,0,NULL,0,0,0,NULL),('jconwa11','Precalculus',20,NULL,NULL,NULL,3345,0,0,NULL,0,0,0,NULL),('sphilli5','Orientation',11,NULL,NULL,NULL,1508,0,0,NULL,0,0,0,NULL),('jconwa11','Precalculus',19,NULL,NULL,NULL,2086,0,0,NULL,0,0,0,NULL),('sphilli5','Orientation',10,NULL,NULL,NULL,1225,0,0,NULL,0,0,0,NULL),('jconwa11','Precalculus',18,NULL,NULL,NULL,4424,0,0,NULL,0,0,0,NULL),('sphilli5','Orientation',9,NULL,NULL,NULL,4236,0,0,NULL,0,0,0,NULL),('jconwa11','Precalculus',17,NULL,NULL,NULL,3722,0,0,NULL,0,0,0,NULL),('sphilli5','Orientation',8,NULL,NULL,NULL,3388,0,0,NULL,0,0,0,NULL),('jconwa11','Precalculus',16,NULL,NULL,NULL,4183,0,0,NULL,0,0,0,NULL),('sphilli5','Orientation',7,NULL,NULL,NULL,1967,0,0,NULL,0,0,0,NULL),('jconwa11','Precalculus',15,NULL,NULL,NULL,4937,0,0,NULL,0,0,0,NULL),('sphilli5','Orientation',6,NULL,NULL,NULL,696,0,0,NULL,0,0,0,NULL),('jconwa11','Precalculus',14,NULL,NULL,NULL,4881,0,0,NULL,0,0,0,NULL),('kandrea','Orientation',8,NULL,NULL,NULL,805,0,0,NULL,0,0,0,NULL),('kandrea','Orientation',7,NULL,NULL,NULL,4313,0,0,NULL,0,0,0,NULL),('kandrea','Orientation',6,NULL,NULL,NULL,2729,0,0,NULL,0,0,0,NULL),('kandrea','Orientation',5,NULL,NULL,NULL,421,0,0,NULL,0,0,0,NULL),('kandrea','Orientation',4,NULL,NULL,NULL,2814,0,0,NULL,0,0,0,NULL),('kandrea','Orientation',3,NULL,NULL,NULL,297,0,0,NULL,0,0,0,NULL),('kandrea','Orientation',2,NULL,NULL,NULL,153,0,0,NULL,0,0,0,NULL),('kandrea','Orientation',1,NULL,NULL,NULL,4656,0,0,NULL,0,0,0,NULL),('mbangra4','Orientation',15,NULL,NULL,NULL,659,0,0,NULL,0,0,0,NULL),('mbangra4','Orientation',14,NULL,NULL,NULL,2946,0,0,NULL,0,0,0,NULL),('mbangra4','Orientation',13,NULL,NULL,NULL,183,0,0,NULL,0,0,0,NULL),('mbangra4','Orientation',12,NULL,NULL,NULL,3768,0,0,NULL,0,0,0,NULL),('mbangra4','Orientation',11,NULL,NULL,NULL,1365,0,0,NULL,0,0,0,NULL),('mbangra4','Orientation',10,NULL,NULL,NULL,246,0,0,NULL,0,0,0,NULL),('profb','Precalculus',3,NULL,NULL,NULL,2554,0,0,NULL,0,0,0,NULL),('pstaab','HW1.2',8,NULL,NULL,NULL,1832,0,0,NULL,0,0,0,NULL),('profa','HW1.2',8,NULL,NULL,NULL,4667,0,0,NULL,0,0,0,NULL),('practice9','HW1.2',7,NULL,NULL,NULL,2603,0,0,NULL,0,0,0,NULL),('admin','Precalculus',13,NULL,NULL,NULL,2371,0,0,NULL,0,0,0,NULL),('kandrea','Demo',5,NULL,NULL,NULL,1291,0,0,NULL,0,0,0,NULL),('admin','Precalculus',8,NULL,NULL,NULL,2109,0,0,NULL,0,0,0,NULL),('admin','College_Algebra',5,NULL,NULL,NULL,2861,0,0,NULL,0,0,0,NULL),('admin','Precalculus',6,NULL,NULL,NULL,550,0,0,NULL,0,0,0,NULL),('admin','Precalculus',5,NULL,NULL,NULL,1221,0,0,NULL,0,0,0,NULL),('admin','Precalculus',2,NULL,NULL,NULL,1792,0,0,NULL,0,0,0,NULL),('admin','Precalculus',1,NULL,NULL,NULL,4419,0,0,NULL,0,0,0,NULL),('sphilli5','College_Algebra',20,NULL,NULL,NULL,1696,0,0,NULL,0,0,0,NULL),('srheaul2','Orientation',15,NULL,NULL,NULL,3200,0,0,NULL,0,0,0,NULL),('sphilli5','College_Algebra',19,NULL,NULL,NULL,2629,0,0,NULL,0,0,0,NULL),('srheaul2','Orientation',14,NULL,NULL,NULL,3447,0,0,NULL,0,0,0,NULL),('sphilli5','College_Algebra',18,NULL,NULL,NULL,2034,0,0,NULL,0,0,0,NULL),('srheaul2','Orientation',13,NULL,NULL,NULL,3989,0,0,NULL,0,0,0,NULL),('profb','Precalculus',2,NULL,NULL,NULL,1606,0,0,NULL,0,0,0,NULL),('profb','HW1.2',8,NULL,NULL,NULL,2282,0,0,NULL,0,0,0,NULL),('pstaab','HW1.2',7,NULL,NULL,NULL,1421,0,0,NULL,0,0,0,NULL),('profa','HW1.2',7,NULL,NULL,NULL,3393,0,0,NULL,0,0,0,NULL),('admin','College_Algebra',9,NULL,NULL,NULL,3256,0,0,NULL,0,0,0,NULL),('admin','College_Algebra',8,NULL,NULL,NULL,1461,0,0,NULL,0,0,0,NULL),('admin','College_Algebra',7,NULL,NULL,NULL,3078,0,0,NULL,0,0,0,NULL),('admin','Precalculus',12,NULL,NULL,NULL,419,0,0,NULL,0,0,0,NULL),('admin','Precalculus',10,NULL,NULL,NULL,3516,0,0,NULL,0,0,0,NULL),('admin','College_Algebra',3,NULL,NULL,NULL,4516,0,0,NULL,0,0,0,NULL),('admin','Precalculus',4,NULL,NULL,NULL,4106,0,0,NULL,0,0,0,NULL),('practice9','HW1.2',8,NULL,NULL,NULL,1748,0,0,NULL,0,0,0,NULL),('profb','HW1.2',7,NULL,NULL,NULL,899,0,0,NULL,0,0,0,NULL),('admin','Precalculus',16,NULL,NULL,NULL,4365,0,0,NULL,0,0,0,NULL),('admin','Precalculus',15,NULL,NULL,NULL,2137,0,0,NULL,0,0,0,NULL),('admin','Precalculus',14,NULL,NULL,NULL,4943,0,0,NULL,0,0,0,NULL),('admin','Precalculus',11,NULL,NULL,NULL,987,0,0,NULL,0,0,0,NULL),('admin','Precalculus',9,NULL,NULL,NULL,1606,0,0,NULL,0,0,0,NULL),('admin','College_Algebra',6,NULL,NULL,NULL,228,0,0,NULL,0,0,0,NULL),('admin','College_Algebra',4,NULL,NULL,NULL,131,0,0,NULL,0,0,0,NULL),('admin','Precalculus',7,NULL,NULL,NULL,2643,0,0,NULL,0,0,0,NULL),('admin','College_Algebra',2,NULL,NULL,NULL,2963,0,0,NULL,0,0,0,NULL),('admin','Precalculus',3,NULL,NULL,NULL,4655,0,0,NULL,0,0,0,NULL),('admin','College_Algebra',1,NULL,NULL,NULL,1167,0,0,NULL,0,0,0,NULL),('mbangra4','Demo',4,NULL,NULL,NULL,4119,0,0,NULL,0,0,0,NULL),('jtroiani','Demo',3,NULL,NULL,NULL,1865,0,0,NULL,0,0,0,NULL),('jbartl12','Demo',5,NULL,NULL,NULL,460,0,0,NULL,0,0,0,NULL),('bschnei4','Orientation',4,NULL,NULL,NULL,144,0,0,NULL,0,0,0,NULL),('srheaul2','College_Algebra',19,NULL,NULL,NULL,525,0,0,NULL,0,0,0,NULL),('bschnei4','Orientation',5,NULL,NULL,NULL,572,0,0,NULL,0,0,0,NULL),('sphilli5','Precalculus',6,NULL,NULL,NULL,4570,0,0,NULL,0,0,0,NULL),('srheaul2','College_Algebra',20,NULL,NULL,NULL,3357,0,0,NULL,0,0,0,NULL),('bschnei4','Orientation',6,NULL,NULL,NULL,1651,0,0,NULL,0,0,0,NULL),('sphilli5','Precalculus',7,NULL,NULL,NULL,577,0,0,NULL,0,0,0,NULL),('bschnei4','Orientation',7,NULL,NULL,NULL,102,0,0,NULL,0,0,0,NULL),('bschnei4','Orientation',8,NULL,NULL,NULL,1895,0,0,NULL,0,0,0,NULL),('sphilli5','Precalculus',8,NULL,NULL,NULL,3260,0,0,NULL,0,0,0,NULL),('bschnei4','Orientation',9,NULL,NULL,NULL,4115,0,0,NULL,0,0,0,NULL),('kjohns59','College_Algebra',1,NULL,NULL,NULL,2638,0,0,NULL,0,0,0,NULL),('bschnei4','Orientation',10,NULL,NULL,NULL,3074,0,0,NULL,0,0,0,NULL),('sphilli5','Precalculus',9,NULL,NULL,NULL,4944,0,0,NULL,0,0,0,NULL),('bschnei4','Orientation',11,NULL,NULL,NULL,4874,0,0,NULL,0,0,0,NULL),('kjohns59','College_Algebra',2,NULL,NULL,NULL,3358,0,0,NULL,0,0,0,NULL),('kjohns59','College_Algebra',3,NULL,NULL,NULL,2807,0,0,NULL,0,0,0,NULL),('bschnei4','Orientation',12,NULL,NULL,NULL,2950,0,0,NULL,0,0,0,NULL),('sphilli5','Precalculus',10,NULL,NULL,NULL,1647,0,0,NULL,0,0,0,NULL),('kjohns59','College_Algebra',4,NULL,NULL,NULL,66,0,0,NULL,0,0,0,NULL),('kjohns59','College_Algebra',5,NULL,NULL,NULL,4459,0,0,NULL,0,0,0,NULL),('sphilli5','Precalculus',11,NULL,NULL,NULL,3041,0,0,NULL,0,0,0,NULL),('bschnei4','Orientation',13,NULL,NULL,NULL,4694,0,0,NULL,0,0,0,NULL),('sphilli5','Precalculus',12,NULL,NULL,NULL,615,0,0,NULL,0,0,0,NULL),('kjohns59','College_Algebra',6,NULL,NULL,NULL,1055,0,0,NULL,0,0,0,NULL),('sphilli5','Precalculus',13,NULL,NULL,NULL,676,0,0,NULL,0,0,0,NULL),('bschnei4','Orientation',14,NULL,NULL,NULL,1993,0,0,NULL,0,0,0,NULL),('kjohns59','College_Algebra',7,NULL,NULL,NULL,1016,0,0,NULL,0,0,0,NULL),('sphilli5','Precalculus',14,NULL,NULL,NULL,4076,0,0,NULL,0,0,0,NULL),('kjohns59','College_Algebra',8,NULL,NULL,NULL,2418,0,0,NULL,0,0,0,NULL),('bschnei4','Orientation',15,NULL,NULL,NULL,3174,0,0,NULL,0,0,0,NULL),('kjohns59','College_Algebra',9,NULL,NULL,NULL,1500,0,0,NULL,0,0,0,NULL),('kjohns59','College_Algebra',10,NULL,NULL,NULL,51,0,0,NULL,0,0,0,NULL),('kjohns59','College_Algebra',11,NULL,NULL,NULL,3392,0,0,NULL,0,0,0,NULL),('kjohns59','College_Algebra',12,NULL,NULL,NULL,1581,0,0,NULL,0,0,0,NULL),('kjohns59','College_Algebra',13,NULL,NULL,NULL,3266,0,0,NULL,0,0,0,NULL),('kjohns59','College_Algebra',14,NULL,NULL,NULL,1049,0,0,NULL,0,0,0,NULL),('sphilli5','Precalculus',15,NULL,NULL,NULL,2051,0,0,NULL,0,0,0,NULL),('kjohns59','College_Algebra',15,NULL,NULL,NULL,1214,0,0,NULL,0,0,0,NULL),('sphilli5','Precalculus',16,NULL,NULL,NULL,39,0,0,NULL,0,0,0,NULL),('sphilli5','Precalculus',17,NULL,NULL,NULL,943,0,0,NULL,0,0,0,NULL),('kjohns59','College_Algebra',16,NULL,NULL,NULL,4002,0,0,NULL,0,0,0,NULL),('sphilli5','Precalculus',18,NULL,NULL,NULL,1167,0,0,NULL,0,0,0,NULL),('kjohns59','College_Algebra',17,NULL,NULL,NULL,4732,0,0,NULL,0,0,0,NULL),('kjohns59','College_Algebra',18,NULL,NULL,NULL,2918,0,0,NULL,0,0,0,NULL),('sphilli5','Precalculus',19,NULL,NULL,NULL,3007,0,0,NULL,0,0,0,NULL),('kjohns59','College_Algebra',19,NULL,NULL,NULL,319,0,0,NULL,0,0,0,NULL),('sphilli5','Precalculus',20,NULL,NULL,NULL,1508,0,0,NULL,0,0,0,NULL),('sphilli5','Precalculus',21,NULL,NULL,NULL,4833,0,0,NULL,0,0,0,NULL),('kjohns59','College_Algebra',20,NULL,NULL,NULL,4485,0,0,NULL,0,0,0,NULL),('sphilli5','Precalculus',22,NULL,NULL,NULL,4595,0,0,NULL,0,0,0,NULL),('sphilli5','Precalculus',23,NULL,NULL,NULL,2551,0,0,NULL,0,0,0,NULL),('sphilli5','Precalculus',24,NULL,NULL,NULL,989,0,0,NULL,0,0,0,NULL),('sphilli5','Precalculus',25,NULL,NULL,NULL,401,0,0,NULL,0,0,0,NULL),('jtroiani','College_Algebra',1,NULL,NULL,NULL,3924,0,0,NULL,0,0,0,NULL),('sphilli5','Precalculus',26,NULL,NULL,NULL,946,0,0,NULL,0,0,0,NULL),('jtroiani','College_Algebra',2,NULL,NULL,NULL,2468,0,0,NULL,0,0,0,NULL),('sphilli5','Precalculus',27,NULL,NULL,NULL,2853,0,0,NULL,0,0,0,NULL),('jtroiani','College_Algebra',3,NULL,NULL,NULL,855,0,0,NULL,0,0,0,NULL),('sphilli5','Precalculus',28,NULL,NULL,NULL,481,0,0,NULL,0,0,0,NULL),('jtroiani','College_Algebra',4,NULL,NULL,NULL,613,0,0,NULL,0,0,0,NULL),('sphilli5','Precalculus',29,NULL,NULL,NULL,2673,0,0,NULL,0,0,0,NULL),('jtroiani','College_Algebra',5,NULL,NULL,NULL,4076,0,0,NULL,0,0,0,NULL),('jtroiani','College_Algebra',6,NULL,NULL,NULL,3499,0,0,NULL,0,0,0,NULL),('jtroiani','College_Algebra',7,NULL,NULL,NULL,1961,0,0,NULL,0,0,0,NULL),('rcarlso6','Precalculus',1,NULL,NULL,NULL,565,0,0,NULL,0,0,0,NULL),('rcarlso6','Precalculus',2,NULL,NULL,NULL,284,0,0,NULL,0,0,0,NULL),('jtroiani','College_Algebra',8,NULL,NULL,NULL,1909,0,0,NULL,0,0,0,NULL),('rcarlso6','Precalculus',3,NULL,NULL,NULL,2048,0,0,NULL,0,0,0,NULL),('rcarlso6','Precalculus',4,NULL,NULL,NULL,4502,0,0,NULL,0,0,0,NULL),('rcarlso6','Precalculus',5,NULL,NULL,NULL,2300,0,0,NULL,0,0,0,NULL),('rcarlso6','Precalculus',6,NULL,NULL,NULL,4719,0,0,NULL,0,0,0,NULL),('rcarlso6','Precalculus',7,NULL,NULL,NULL,3959,0,0,NULL,0,0,0,NULL),('rcarlso6','Precalculus',8,NULL,NULL,NULL,1054,0,0,NULL,0,0,0,NULL),('rcarlso6','Precalculus',9,NULL,NULL,NULL,354,0,0,NULL,0,0,0,NULL),('rcarlso6','Precalculus',10,NULL,NULL,NULL,1450,0,0,NULL,0,0,0,NULL),('jtroiani','College_Algebra',9,NULL,NULL,NULL,820,0,0,NULL,0,0,0,NULL),('jtroiani','College_Algebra',10,NULL,NULL,NULL,709,0,0,NULL,0,0,0,NULL),('jtroiani','College_Algebra',11,NULL,NULL,NULL,4576,0,0,NULL,0,0,0,NULL),('rcarlso6','Precalculus',11,NULL,NULL,NULL,4831,0,0,NULL,0,0,0,NULL),('rcarlso6','Precalculus',12,NULL,NULL,NULL,168,0,0,NULL,0,0,0,NULL),('rcarlso6','Precalculus',13,NULL,NULL,NULL,2768,0,0,NULL,0,0,0,NULL),('rcarlso6','Precalculus',14,NULL,NULL,NULL,917,0,0,NULL,0,0,0,NULL),('jtroiani','College_Algebra',12,NULL,NULL,NULL,461,0,0,NULL,0,0,0,NULL),('rcarlso6','Precalculus',15,NULL,NULL,NULL,231,0,0,NULL,0,0,0,NULL),('jtroiani','College_Algebra',13,NULL,NULL,NULL,3018,0,0,NULL,0,0,0,NULL),('rcarlso6','Precalculus',16,NULL,NULL,NULL,2599,0,0,NULL,0,0,0,NULL),('rcarlso6','Precalculus',17,NULL,NULL,NULL,4332,0,0,NULL,0,0,0,NULL),('jtroiani','College_Algebra',14,NULL,NULL,NULL,2601,0,0,NULL,0,0,0,NULL),('rcarlso6','Precalculus',18,NULL,NULL,NULL,4890,0,0,NULL,0,0,0,NULL),('jtroiani','College_Algebra',15,NULL,NULL,NULL,2306,0,0,NULL,0,0,0,NULL),('jtroiani','College_Algebra',16,NULL,NULL,NULL,2979,0,0,NULL,0,0,0,NULL),('rcarlso6','Precalculus',19,NULL,NULL,NULL,833,0,0,NULL,0,0,0,NULL),('jtroiani','College_Algebra',17,NULL,NULL,NULL,4334,0,0,NULL,0,0,0,NULL),('rcarlso6','Precalculus',20,NULL,NULL,NULL,1762,0,0,NULL,0,0,0,NULL),('rcarlso6','Precalculus',21,NULL,NULL,NULL,2451,0,0,NULL,0,0,0,NULL),('rcarlso6','Precalculus',22,NULL,NULL,NULL,4887,0,0,NULL,0,0,0,NULL),('rcarlso6','Precalculus',23,NULL,NULL,NULL,4703,0,0,NULL,0,0,0,NULL),('rcarlso6','Precalculus',24,NULL,NULL,NULL,1704,0,0,NULL,0,0,0,NULL),('jtroiani','College_Algebra',18,NULL,NULL,NULL,2181,0,0,NULL,0,0,0,NULL),('jtroiani','College_Algebra',19,NULL,NULL,NULL,924,0,0,NULL,0,0,0,NULL),('jtroiani','College_Algebra',20,NULL,NULL,NULL,10,0,0,NULL,0,0,0,NULL),('dvictori','College_Algebra',1,NULL,NULL,NULL,4745,0,0,NULL,0,0,0,NULL),('dvictori','College_Algebra',2,NULL,NULL,NULL,2697,0,0,NULL,0,0,0,NULL),('dvictori','College_Algebra',3,NULL,NULL,NULL,1142,0,0,NULL,0,0,0,NULL),('dvictori','College_Algebra',4,NULL,NULL,NULL,4614,0,0,NULL,0,0,0,NULL),('dvictori','College_Algebra',5,NULL,NULL,NULL,1863,0,0,NULL,0,0,0,NULL),('dvictori','College_Algebra',6,NULL,NULL,NULL,4661,0,0,NULL,0,0,0,NULL),('rcarlso6','Precalculus',25,NULL,NULL,NULL,1083,0,0,NULL,0,0,0,NULL),('rcarlso6','Precalculus',26,NULL,NULL,NULL,4239,0,0,NULL,0,0,0,NULL),('rcarlso6','Precalculus',27,NULL,NULL,NULL,261,0,0,NULL,0,0,0,NULL),('dvictori','College_Algebra',7,NULL,NULL,NULL,3743,0,0,NULL,0,0,0,NULL),('rcarlso6','Precalculus',28,NULL,NULL,NULL,1421,0,0,NULL,0,0,0,NULL),('rcarlso6','Precalculus',29,NULL,NULL,NULL,627,0,0,NULL,0,0,0,NULL),('dvictori','College_Algebra',8,NULL,NULL,NULL,554,0,0,NULL,0,0,0,NULL),('dvictori','College_Algebra',9,NULL,NULL,NULL,3969,0,0,NULL,0,0,0,NULL),('dvictori','College_Algebra',10,NULL,NULL,NULL,1600,0,0,NULL,0,0,0,NULL),('jbartl12','Precalculus',1,NULL,NULL,NULL,2286,0,0,NULL,0,0,0,NULL),('dvictori','College_Algebra',11,NULL,NULL,NULL,1211,0,0,NULL,0,0,0,NULL),('dvictori','College_Algebra',12,NULL,NULL,NULL,2336,0,0,NULL,0,0,0,NULL),('jbartl12','Precalculus',2,NULL,NULL,NULL,2674,0,0,NULL,0,0,0,NULL),('dvictori','College_Algebra',13,NULL,NULL,NULL,2121,0,0,NULL,0,0,0,NULL),('jbartl12','Precalculus',3,NULL,NULL,NULL,3763,0,0,NULL,0,0,0,NULL),('dvictori','College_Algebra',14,NULL,NULL,NULL,3476,0,0,NULL,0,0,0,NULL),('dvictori','College_Algebra',15,NULL,NULL,NULL,993,0,0,NULL,0,0,0,NULL),('dvictori','College_Algebra',16,NULL,NULL,NULL,4316,0,0,NULL,0,0,0,NULL),('jbartl12','Precalculus',4,NULL,NULL,NULL,3881,0,0,NULL,0,0,0,NULL),('jbartl12','Precalculus',5,NULL,NULL,NULL,4613,0,0,NULL,0,0,0,NULL),('dvictori','College_Algebra',17,NULL,NULL,NULL,4867,0,0,NULL,0,0,0,NULL),('dvictori','College_Algebra',18,NULL,NULL,NULL,4099,0,0,NULL,0,0,0,NULL),('dvictori','College_Algebra',19,NULL,NULL,NULL,3428,0,0,NULL,0,0,0,NULL),('jbartl12','Precalculus',6,NULL,NULL,NULL,2944,0,0,NULL,0,0,0,NULL),('dvictori','College_Algebra',20,NULL,NULL,NULL,2116,0,0,NULL,0,0,0,NULL),('jbartl12','Precalculus',7,NULL,NULL,NULL,3072,0,0,NULL,0,0,0,NULL),('jbartl12','Precalculus',8,NULL,NULL,NULL,3138,0,0,NULL,0,0,0,NULL),('jbartl12','Precalculus',9,NULL,NULL,NULL,4433,0,0,NULL,0,0,0,NULL),('jbartl12','Precalculus',10,NULL,NULL,NULL,1320,0,0,NULL,0,0,0,NULL),('jbartl12','Precalculus',11,NULL,NULL,NULL,3705,0,0,NULL,0,0,0,NULL),('jbartl12','Precalculus',12,NULL,NULL,NULL,4443,0,0,NULL,0,0,0,NULL),('jbartl12','Precalculus',13,NULL,NULL,NULL,1115,0,0,NULL,0,0,0,NULL),('jbartl12','Precalculus',14,NULL,NULL,NULL,4451,0,0,NULL,0,0,0,NULL),('jbartl12','Precalculus',15,NULL,NULL,NULL,4885,0,0,NULL,0,0,0,NULL),('jbartl12','Precalculus',16,NULL,NULL,NULL,2871,0,0,NULL,0,0,0,NULL),('jbartl12','Precalculus',17,NULL,NULL,NULL,4485,0,0,NULL,0,0,0,NULL),('jbartl12','Precalculus',18,NULL,NULL,NULL,3351,0,0,NULL,0,0,0,NULL),('jbartl12','Precalculus',19,NULL,NULL,NULL,3078,0,0,NULL,0,0,0,NULL),('jbartl12','Precalculus',20,NULL,NULL,NULL,1031,0,0,NULL,0,0,0,NULL),('jbartl12','Precalculus',21,NULL,NULL,NULL,3759,0,0,NULL,0,0,0,NULL),('jbartl12','Precalculus',22,NULL,NULL,NULL,2679,0,0,NULL,0,0,0,NULL),('jbartl12','Precalculus',23,NULL,NULL,NULL,2876,0,0,NULL,0,0,0,NULL),('jbartl12','Precalculus',24,NULL,NULL,NULL,167,0,0,NULL,0,0,0,NULL),('jbartl12','Precalculus',25,NULL,NULL,NULL,4393,0,0,NULL,0,0,0,NULL),('jbartl12','Precalculus',26,NULL,NULL,NULL,4486,0,0,NULL,0,0,0,NULL),('jbartl12','Precalculus',27,NULL,NULL,NULL,3897,0,0,NULL,0,0,0,NULL),('jbartl12','Precalculus',28,NULL,NULL,NULL,3135,0,0,NULL,0,0,0,NULL),('jbartl12','Precalculus',29,NULL,NULL,NULL,2709,0,0,NULL,0,0,0,NULL),('epaquin','Precalculus',1,NULL,NULL,NULL,3692,0,0,NULL,0,0,0,NULL),('epaquin','Precalculus',2,NULL,NULL,NULL,4571,0,0,NULL,0,0,0,NULL),('epaquin','Precalculus',3,NULL,NULL,NULL,2132,0,0,NULL,0,0,0,NULL),('epaquin','Precalculus',4,NULL,NULL,NULL,2908,0,0,NULL,0,0,0,NULL),('epaquin','Precalculus',5,NULL,NULL,NULL,514,0,0,NULL,0,0,0,NULL),('epaquin','Precalculus',6,NULL,NULL,NULL,2247,0,0,NULL,0,0,0,NULL),('epaquin','Precalculus',7,NULL,NULL,NULL,377,0,0,NULL,0,0,0,NULL),('epaquin','Precalculus',8,NULL,NULL,NULL,4091,0,0,NULL,0,0,0,NULL),('epaquin','Precalculus',9,NULL,NULL,NULL,518,0,0,NULL,0,0,0,NULL),('epaquin','Precalculus',10,NULL,NULL,NULL,1210,0,0,NULL,0,0,0,NULL),('epaquin','Precalculus',11,NULL,NULL,NULL,4641,0,0,NULL,0,0,0,NULL),('epaquin','Precalculus',12,NULL,NULL,NULL,1645,0,0,NULL,0,0,0,NULL),('epaquin','Precalculus',13,NULL,NULL,NULL,2184,0,0,NULL,0,0,0,NULL),('epaquin','Precalculus',14,NULL,NULL,NULL,123,0,0,NULL,0,0,0,NULL),('epaquin','Precalculus',15,NULL,NULL,NULL,3753,0,0,NULL,0,0,0,NULL),('epaquin','Precalculus',16,NULL,NULL,NULL,28,0,0,NULL,0,0,0,NULL),('epaquin','Precalculus',17,NULL,NULL,NULL,4930,0,0,NULL,0,0,0,NULL),('epaquin','Precalculus',18,NULL,NULL,NULL,4723,0,0,NULL,0,0,0,NULL),('epaquin','Precalculus',19,NULL,NULL,NULL,3297,0,0,NULL,0,0,0,NULL),('epaquin','Precalculus',20,NULL,NULL,NULL,2489,0,0,NULL,0,0,0,NULL),('epaquin','Precalculus',21,NULL,NULL,NULL,2602,0,0,NULL,0,0,0,NULL),('epaquin','Precalculus',22,NULL,NULL,NULL,343,0,0,NULL,0,0,0,NULL),('epaquin','Precalculus',23,NULL,NULL,NULL,3005,0,0,NULL,0,0,0,NULL),('epaquin','Precalculus',24,NULL,NULL,NULL,1944,0,0,NULL,0,0,0,NULL),('epaquin','Precalculus',25,NULL,NULL,NULL,1,0,0,NULL,0,0,0,NULL),('epaquin','Precalculus',26,NULL,NULL,NULL,1818,0,0,NULL,0,0,0,NULL),('epaquin','Precalculus',27,NULL,NULL,NULL,4702,0,0,NULL,0,0,0,NULL),('epaquin','Precalculus',28,NULL,NULL,NULL,425,0,0,NULL,0,0,0,NULL),('epaquin','Precalculus',29,NULL,NULL,NULL,2120,0,0,NULL,0,0,0,NULL),('bschnei4','College_Algebra',1,NULL,NULL,NULL,2598,0,0,NULL,0,0,0,NULL),('srheaul2','Precalculus',1,NULL,NULL,NULL,1432,0,0,NULL,0,0,0,NULL),('bschnei4','College_Algebra',2,NULL,NULL,NULL,249,0,0,NULL,0,0,0,NULL),('srheaul2','Precalculus',2,NULL,NULL,NULL,4760,0,0,NULL,0,0,0,NULL),('bschnei4','College_Algebra',3,NULL,NULL,NULL,2141,0,0,NULL,0,0,0,NULL),('srheaul2','Precalculus',3,NULL,NULL,NULL,3651,0,0,NULL,0,0,0,NULL),('bschnei4','College_Algebra',4,NULL,NULL,NULL,4702,0,0,NULL,0,0,0,NULL),('srheaul2','Precalculus',4,NULL,NULL,NULL,353,0,0,NULL,0,0,0,NULL),('bschnei4','College_Algebra',5,NULL,NULL,NULL,2481,0,0,NULL,0,0,0,NULL),('srheaul2','Precalculus',5,NULL,NULL,NULL,1869,0,0,NULL,0,0,0,NULL),('bschnei4','College_Algebra',6,NULL,NULL,NULL,1624,0,0,NULL,0,0,0,NULL),('srheaul2','Precalculus',6,NULL,NULL,NULL,2225,0,0,NULL,0,0,0,NULL),('bschnei4','College_Algebra',7,NULL,NULL,NULL,3481,0,0,NULL,0,0,0,NULL),('srheaul2','Precalculus',7,NULL,NULL,NULL,1233,0,0,NULL,0,0,0,NULL),('bschnei4','College_Algebra',8,NULL,NULL,NULL,3138,0,0,NULL,0,0,0,NULL),('srheaul2','Precalculus',8,NULL,NULL,NULL,4929,0,0,NULL,0,0,0,NULL),('srheaul2','Precalculus',9,NULL,NULL,NULL,2277,0,0,NULL,0,0,0,NULL),('bschnei4','College_Algebra',9,NULL,NULL,NULL,333,0,0,NULL,0,0,0,NULL),('bschnei4','College_Algebra',10,NULL,NULL,NULL,3136,0,0,NULL,0,0,0,NULL),('bschnei4','College_Algebra',11,NULL,NULL,NULL,4880,0,0,NULL,0,0,0,NULL),('srheaul2','Precalculus',10,NULL,NULL,NULL,2016,0,0,NULL,0,0,0,NULL),('srheaul2','Precalculus',11,NULL,NULL,NULL,190,0,0,NULL,0,0,0,NULL),('bschnei4','College_Algebra',12,NULL,NULL,NULL,2662,0,0,NULL,0,0,0,NULL),('srheaul2','Precalculus',12,NULL,NULL,NULL,2569,0,0,NULL,0,0,0,NULL),('bschnei4','College_Algebra',13,NULL,NULL,NULL,805,0,0,NULL,0,0,0,NULL),('srheaul2','Precalculus',13,NULL,NULL,NULL,2932,0,0,NULL,0,0,0,NULL),('bschnei4','College_Algebra',14,NULL,NULL,NULL,3617,0,0,NULL,0,0,0,NULL),('srheaul2','Precalculus',14,NULL,NULL,NULL,828,0,0,NULL,0,0,0,NULL),('bschnei4','College_Algebra',15,NULL,NULL,NULL,4726,0,0,NULL,0,0,0,NULL),('bschnei4','College_Algebra',16,NULL,NULL,NULL,2276,0,0,NULL,0,0,0,NULL),('srheaul2','Precalculus',15,NULL,NULL,NULL,3322,0,0,NULL,0,0,0,NULL),('srheaul2','Precalculus',16,NULL,NULL,NULL,4693,0,0,NULL,0,0,0,NULL),('srheaul2','Precalculus',17,NULL,NULL,NULL,4989,0,0,NULL,0,0,0,NULL),('bschnei4','College_Algebra',17,NULL,NULL,NULL,4107,0,0,NULL,0,0,0,NULL),('bschnei4','College_Algebra',18,NULL,NULL,NULL,686,0,0,NULL,0,0,0,NULL),('srheaul2','Precalculus',18,NULL,NULL,NULL,1744,0,0,NULL,0,0,0,NULL),('bschnei4','College_Algebra',19,NULL,NULL,NULL,1215,0,0,NULL,0,0,0,NULL),('srheaul2','Precalculus',19,NULL,NULL,NULL,4926,0,0,NULL,0,0,0,NULL),('bschnei4','College_Algebra',20,NULL,NULL,NULL,1540,0,0,NULL,0,0,0,NULL),('srheaul2','Precalculus',20,NULL,NULL,NULL,204,0,0,NULL,0,0,0,NULL),('srheaul2','Precalculus',21,NULL,NULL,NULL,1148,0,0,NULL,0,0,0,NULL),('srheaul2','Precalculus',22,NULL,NULL,NULL,3650,0,0,NULL,0,0,0,NULL),('srheaul2','Precalculus',23,NULL,NULL,NULL,2413,0,0,NULL,0,0,0,NULL),('srheaul2','Precalculus',24,NULL,NULL,NULL,3599,0,0,NULL,0,0,0,NULL),('srheaul2','Precalculus',25,NULL,NULL,NULL,3862,0,0,NULL,0,0,0,NULL),('srheaul2','Precalculus',26,NULL,NULL,NULL,3611,0,0,NULL,0,0,0,NULL),('srheaul2','Precalculus',27,NULL,NULL,NULL,919,0,0,NULL,0,0,0,NULL),('srheaul2','Precalculus',28,NULL,NULL,NULL,1197,0,0,NULL,0,0,0,NULL),('srheaul2','Precalculus',29,NULL,NULL,NULL,2995,0,0,NULL,0,0,0,NULL),('kjohns59','Precalculus',1,NULL,NULL,NULL,3770,0,0,NULL,0,0,0,NULL),('kjohns59','Precalculus',2,NULL,NULL,NULL,1692,0,0,NULL,0,0,0,NULL),('kjohns59','Precalculus',3,NULL,NULL,NULL,148,0,0,NULL,0,0,0,NULL),('kjohns59','Precalculus',4,NULL,NULL,NULL,3535,0,0,NULL,0,0,0,NULL),('kjohns59','Precalculus',5,NULL,NULL,NULL,4337,0,0,NULL,0,0,0,NULL),('kjohns59','Precalculus',6,NULL,NULL,NULL,3175,0,0,NULL,0,0,0,NULL),('kjohns59','Precalculus',7,NULL,NULL,NULL,237,0,0,NULL,0,0,0,NULL),('kjohns59','Precalculus',8,NULL,NULL,NULL,2317,0,0,NULL,0,0,0,NULL),('kjohns59','Precalculus',9,NULL,NULL,NULL,2980,0,0,NULL,0,0,0,NULL),('kjohns59','Precalculus',10,NULL,NULL,NULL,3503,0,0,NULL,0,0,0,NULL),('kjohns59','Precalculus',11,NULL,NULL,NULL,854,0,0,NULL,0,0,0,NULL),('kjohns59','Precalculus',12,NULL,NULL,NULL,451,0,0,NULL,0,0,0,NULL),('kjohns59','Precalculus',13,NULL,NULL,NULL,3755,0,0,NULL,0,0,0,NULL),('kjohns59','Precalculus',14,NULL,NULL,NULL,980,0,0,NULL,0,0,0,NULL),('kjohns59','Precalculus',15,NULL,NULL,NULL,4849,0,0,NULL,0,0,0,NULL),('kjohns59','Precalculus',16,NULL,NULL,NULL,4868,0,0,NULL,0,0,0,NULL),('kjohns59','Precalculus',17,NULL,NULL,NULL,461,0,0,NULL,0,0,0,NULL),('kjohns59','Precalculus',18,NULL,NULL,NULL,1689,0,0,NULL,0,0,0,NULL),('kjohns59','Precalculus',19,NULL,NULL,NULL,4760,0,0,NULL,0,0,0,NULL),('kjohns59','Precalculus',20,NULL,NULL,NULL,3510,0,0,NULL,0,0,0,NULL),('kjohns59','Precalculus',21,NULL,NULL,NULL,446,0,0,NULL,0,0,0,NULL),('kjohns59','Precalculus',22,NULL,NULL,NULL,4158,0,0,NULL,0,0,0,NULL),('kjohns59','Precalculus',23,NULL,NULL,NULL,1500,0,0,NULL,0,0,0,NULL),('kjohns59','Precalculus',24,NULL,NULL,NULL,2098,0,0,NULL,0,0,0,NULL),('kjohns59','Precalculus',25,NULL,NULL,NULL,2962,0,0,NULL,0,0,0,NULL),('kjohns59','Precalculus',26,NULL,NULL,NULL,1157,0,0,NULL,0,0,0,NULL),('kjohns59','Precalculus',27,NULL,NULL,NULL,2376,0,0,NULL,0,0,0,NULL),('kjohns59','Precalculus',28,NULL,NULL,NULL,2369,0,0,NULL,0,0,0,NULL),('kjohns59','Precalculus',29,NULL,NULL,NULL,1703,0,0,NULL,0,0,0,NULL),('jtroiani','Precalculus',1,NULL,NULL,NULL,3748,0,0,NULL,0,0,0,NULL),('jtroiani','Precalculus',2,NULL,NULL,NULL,2068,0,0,NULL,0,0,0,NULL),('jtroiani','Precalculus',3,NULL,NULL,NULL,3299,0,0,NULL,0,0,0,NULL),('jtroiani','Precalculus',4,NULL,NULL,NULL,4477,0,0,NULL,0,0,0,NULL),('jtroiani','Precalculus',5,NULL,NULL,NULL,3343,0,0,NULL,0,0,0,NULL),('jtroiani','Precalculus',6,NULL,NULL,NULL,2173,0,0,NULL,0,0,0,NULL),('jtroiani','Precalculus',7,NULL,NULL,NULL,167,0,0,NULL,0,0,0,NULL),('jtroiani','Precalculus',8,NULL,NULL,NULL,4694,0,0,NULL,0,0,0,NULL),('jtroiani','Precalculus',9,NULL,NULL,NULL,1308,0,0,NULL,0,0,0,NULL),('jtroiani','Precalculus',10,NULL,NULL,NULL,1367,0,0,NULL,0,0,0,NULL),('jtroiani','Precalculus',11,NULL,NULL,NULL,782,0,0,NULL,0,0,0,NULL),('jtroiani','Precalculus',12,NULL,NULL,NULL,2401,0,0,NULL,0,0,0,NULL),('jtroiani','Precalculus',13,NULL,NULL,NULL,2816,0,0,NULL,0,0,0,NULL),('jtroiani','Precalculus',14,NULL,NULL,NULL,3259,0,0,NULL,0,0,0,NULL),('jtroiani','Precalculus',15,NULL,NULL,NULL,1620,0,0,NULL,0,0,0,NULL),('jtroiani','Precalculus',16,NULL,NULL,NULL,2888,0,0,NULL,0,0,0,NULL),('jtroiani','Precalculus',17,NULL,NULL,NULL,1760,0,0,NULL,0,0,0,NULL),('jtroiani','Precalculus',18,NULL,NULL,NULL,3249,0,0,NULL,0,0,0,NULL),('jtroiani','Precalculus',19,NULL,NULL,NULL,1696,0,0,NULL,0,0,0,NULL),('jtroiani','Precalculus',20,NULL,NULL,NULL,3887,0,0,NULL,0,0,0,NULL),('jtroiani','Precalculus',21,NULL,NULL,NULL,1387,0,0,NULL,0,0,0,NULL),('jtroiani','Precalculus',22,NULL,NULL,NULL,2256,0,0,NULL,0,0,0,NULL),('jtroiani','Precalculus',23,NULL,NULL,NULL,2292,0,0,NULL,0,0,0,NULL),('jtroiani','Precalculus',24,NULL,NULL,NULL,4211,0,0,NULL,0,0,0,NULL),('jtroiani','Precalculus',25,NULL,NULL,NULL,2479,0,0,NULL,0,0,0,NULL),('jtroiani','Precalculus',26,NULL,NULL,NULL,1002,0,0,NULL,0,0,0,NULL),('jtroiani','Precalculus',27,NULL,NULL,NULL,2239,0,0,NULL,0,0,0,NULL),('jtroiani','Precalculus',28,NULL,NULL,NULL,406,0,0,NULL,0,0,0,NULL),('jtroiani','Precalculus',29,NULL,NULL,NULL,1739,0,0,NULL,0,0,0,NULL),('dvictori','Precalculus',1,NULL,NULL,NULL,645,0,0,NULL,0,0,0,NULL),('dvictori','Precalculus',2,NULL,NULL,NULL,577,0,0,NULL,0,0,0,NULL),('dvictori','Precalculus',3,NULL,NULL,NULL,4962,0,0,NULL,0,0,0,NULL),('dvictori','Precalculus',4,NULL,NULL,NULL,1081,0,0,NULL,0,0,0,NULL),('dvictori','Precalculus',5,NULL,NULL,NULL,2389,0,0,NULL,0,0,0,NULL),('dvictori','Precalculus',6,NULL,NULL,NULL,481,0,0,NULL,0,0,0,NULL),('dvictori','Precalculus',7,NULL,NULL,NULL,565,0,0,NULL,0,0,0,NULL),('dvictori','Precalculus',8,NULL,NULL,NULL,2766,0,0,NULL,0,0,0,NULL),('dvictori','Precalculus',9,NULL,NULL,NULL,1085,0,0,NULL,0,0,0,NULL),('dvictori','Precalculus',10,NULL,NULL,NULL,366,0,0,NULL,0,0,0,NULL),('dvictori','Precalculus',11,NULL,NULL,NULL,1170,0,0,NULL,0,0,0,NULL),('dvictori','Precalculus',12,NULL,NULL,NULL,1221,0,0,NULL,0,0,0,NULL),('dvictori','Precalculus',13,NULL,NULL,NULL,665,0,0,NULL,0,0,0,NULL),('dvictori','Precalculus',14,NULL,NULL,NULL,2755,0,0,NULL,0,0,0,NULL),('dvictori','Precalculus',15,NULL,NULL,NULL,855,0,0,NULL,0,0,0,NULL),('dvictori','Precalculus',16,NULL,NULL,NULL,3538,0,0,NULL,0,0,0,NULL),('dvictori','Precalculus',17,NULL,NULL,NULL,2268,0,0,NULL,0,0,0,NULL),('dvictori','Precalculus',18,NULL,NULL,NULL,4642,0,0,NULL,0,0,0,NULL),('dvictori','Precalculus',19,NULL,NULL,NULL,1993,0,0,NULL,0,0,0,NULL),('dvictori','Precalculus',20,NULL,NULL,NULL,4545,0,0,NULL,0,0,0,NULL),('dvictori','Precalculus',21,NULL,NULL,NULL,378,0,0,NULL,0,0,0,NULL),('dvictori','Precalculus',22,NULL,NULL,NULL,574,0,0,NULL,0,0,0,NULL),('dvictori','Precalculus',23,NULL,NULL,NULL,1308,0,0,NULL,0,0,0,NULL),('dvictori','Precalculus',24,NULL,NULL,NULL,2029,0,0,NULL,0,0,0,NULL),('dvictori','Precalculus',25,NULL,NULL,NULL,1914,0,0,NULL,0,0,0,NULL),('dvictori','Precalculus',26,NULL,NULL,NULL,3275,0,0,NULL,0,0,0,NULL),('dvictori','Precalculus',27,NULL,NULL,NULL,2712,0,0,NULL,0,0,0,NULL),('dvictori','Precalculus',28,NULL,NULL,NULL,2828,0,0,NULL,0,0,0,NULL),('dvictori','Precalculus',29,NULL,NULL,NULL,554,0,0,NULL,0,0,0,NULL),('pstaab','Precalculus',1,NULL,NULL,NULL,353,0,0,NULL,0,0,0,NULL),('pstaab','Precalculus',2,NULL,NULL,NULL,3056,0,0,NULL,0,0,0,NULL),('pstaab','Precalculus',3,NULL,NULL,NULL,3537,0.5,1,'\0\0\0\n\nAnSwEr0001\nH\n\nAnSwEr0002\n?\n\nAnSwEr0003\nD\n\nAnSwEr0004\n?',0,1,0.5,NULL),('pstaab','Precalculus',4,NULL,NULL,NULL,1387,0,0,NULL,0,0,0,NULL),('pstaab','Precalculus',5,NULL,1,NULL,2090,0.6,0,NULL,0,0,0,NULL),('pstaab','Precalculus',6,NULL,NULL,NULL,3093,0,0,NULL,0,0,0,NULL),('pstaab','Precalculus',7,NULL,NULL,NULL,2244,0,0,NULL,0,0,0,NULL),('pstaab','Precalculus',8,NULL,NULL,NULL,3122,0,0,NULL,0,0,0,NULL),('pstaab','Precalculus',9,NULL,NULL,NULL,1773,0,0,NULL,0,0,0,NULL),('pstaab','Precalculus',10,NULL,NULL,NULL,2330,0,0,NULL,0,0,0,NULL),('pstaab','Precalculus',11,NULL,NULL,NULL,2034,0,0,NULL,0,0,0,NULL),('pstaab','Precalculus',12,NULL,NULL,NULL,3257,0,0,NULL,0,0,0,NULL),('pstaab','Precalculus',13,NULL,NULL,NULL,4906,0,0,NULL,0,0,0,NULL),('pstaab','Precalculus',14,NULL,NULL,NULL,165,0,0,NULL,0,0,0,NULL),('pstaab','Precalculus',15,NULL,NULL,NULL,1671,0,0,NULL,0,0,0,NULL),('pstaab','Precalculus',16,NULL,NULL,NULL,1096,0,0,NULL,0,0,0,NULL),('pstaab','Precalculus',17,NULL,NULL,NULL,2497,0,0,NULL,0,0,0,NULL),('pstaab','Precalculus',18,NULL,NULL,NULL,791,0,0,NULL,0,0,0,NULL),('pstaab','Precalculus',19,NULL,NULL,NULL,499,0,0,NULL,0,0,0,NULL),('pstaab','Precalculus',20,NULL,NULL,NULL,4849,0,0,NULL,0,0,0,NULL),('pstaab','Precalculus',21,NULL,NULL,NULL,573,0,0,NULL,0,0,0,NULL),('pstaab','Precalculus',22,NULL,NULL,NULL,3001,0,0,NULL,0,0,0,NULL),('pstaab','Precalculus',23,NULL,NULL,NULL,3890,0,0,NULL,0,0,0,NULL),('pstaab','Precalculus',24,NULL,NULL,NULL,4043,0,0,NULL,0,0,0,NULL),('pstaab','Precalculus',25,NULL,NULL,NULL,2082,0,0,NULL,0,0,0,NULL),('pstaab','Precalculus',26,NULL,NULL,NULL,4971,0,0,NULL,0,0,0,NULL),('pstaab','Precalculus',27,NULL,NULL,NULL,3670,0,0,NULL,0,0,0,NULL),('pstaab','Precalculus',28,NULL,NULL,NULL,1433,0,0,NULL,0,0,0,NULL),('pstaab','Precalculus',29,NULL,NULL,NULL,3240,0,0,NULL,0,0,0,NULL),('jrateau','Precalculus',1,NULL,NULL,NULL,675,0,0,NULL,0,0,0,NULL),('jrateau','Precalculus',2,NULL,NULL,NULL,2566,0,0,NULL,0,0,0,NULL),('jrateau','Precalculus',3,NULL,NULL,NULL,2869,0,0,NULL,0,0,0,NULL),('jrateau','Precalculus',4,NULL,NULL,NULL,1361,0,0,NULL,0,0,0,NULL),('jrateau','Precalculus',5,NULL,NULL,NULL,3208,0,0,NULL,0,0,0,NULL),('jrateau','Precalculus',6,NULL,NULL,NULL,3568,0,0,NULL,0,0,0,NULL),('jrateau','Precalculus',7,NULL,NULL,NULL,2276,0,0,NULL,0,0,0,NULL),('jrateau','Precalculus',8,NULL,NULL,NULL,1002,0,0,NULL,0,0,0,NULL),('jrateau','Precalculus',9,NULL,NULL,NULL,3384,0,0,NULL,0,0,0,NULL),('jrateau','Precalculus',10,NULL,NULL,NULL,3934,0,0,NULL,0,0,0,NULL),('jrateau','Precalculus',11,NULL,NULL,NULL,1780,0,0,NULL,0,0,0,NULL),('jrateau','Precalculus',12,NULL,NULL,NULL,265,0,0,NULL,0,0,0,NULL),('jrateau','Precalculus',13,NULL,NULL,NULL,1708,0,0,NULL,0,0,0,NULL),('jrateau','Precalculus',14,NULL,NULL,NULL,4524,0,0,NULL,0,0,0,NULL),('jrateau','Precalculus',15,NULL,NULL,NULL,1193,0,0,NULL,0,0,0,NULL),('jrateau','Precalculus',16,NULL,NULL,NULL,775,0,0,NULL,0,0,0,NULL),('jrateau','Precalculus',17,NULL,NULL,NULL,684,0,0,NULL,0,0,0,NULL),('jrateau','Precalculus',18,NULL,NULL,NULL,173,0,0,NULL,0,0,0,NULL),('jrateau','Precalculus',19,NULL,NULL,NULL,2580,0,0,NULL,0,0,0,NULL),('jrateau','Precalculus',20,NULL,NULL,NULL,2052,0,0,NULL,0,0,0,NULL),('jrateau','Precalculus',21,NULL,NULL,NULL,2274,0,0,NULL,0,0,0,NULL),('jrateau','Precalculus',22,NULL,NULL,NULL,470,0,0,NULL,0,0,0,NULL),('jrateau','Precalculus',23,NULL,NULL,NULL,598,0,0,NULL,0,0,0,NULL),('jrateau','Precalculus',24,NULL,NULL,NULL,795,0,0,NULL,0,0,0,NULL),('jrateau','Precalculus',25,NULL,NULL,NULL,4875,0,0,NULL,0,0,0,NULL),('jrateau','Precalculus',26,NULL,NULL,NULL,1570,0,0,NULL,0,0,0,NULL),('jrateau','Precalculus',27,NULL,NULL,NULL,113,0,0,NULL,0,0,0,NULL),('jrateau','Precalculus',28,NULL,NULL,NULL,159,0,0,NULL,0,0,0,NULL),('jrateau','Precalculus',29,NULL,NULL,NULL,2784,0,0,NULL,0,0,0,NULL),('bschnei4','Precalculus',1,NULL,NULL,NULL,2693,0,0,NULL,0,0,0,NULL),('bschnei4','Precalculus',2,NULL,NULL,NULL,4295,0,0,NULL,0,0,0,NULL),('bschnei4','Precalculus',3,NULL,NULL,NULL,1384,0,0,NULL,0,0,0,NULL),('bschnei4','Precalculus',4,NULL,NULL,NULL,1852,0,0,NULL,0,0,0,NULL),('bschnei4','Precalculus',5,NULL,NULL,NULL,1698,0,0,NULL,0,0,0,NULL),('bschnei4','Precalculus',6,NULL,NULL,NULL,2769,0,0,NULL,0,0,0,NULL),('bschnei4','Precalculus',7,NULL,NULL,NULL,462,0,0,NULL,0,0,0,NULL),('bschnei4','Precalculus',8,NULL,NULL,NULL,2739,0,0,NULL,0,0,0,NULL),('bschnei4','Precalculus',9,NULL,NULL,NULL,1297,0,0,NULL,0,0,0,NULL),('bschnei4','Precalculus',10,NULL,NULL,NULL,4440,0,0,NULL,0,0,0,NULL),('bschnei4','Precalculus',11,NULL,NULL,NULL,4687,0,0,NULL,0,0,0,NULL),('bschnei4','Precalculus',12,NULL,NULL,NULL,1129,0,0,NULL,0,0,0,NULL),('bschnei4','Precalculus',13,NULL,NULL,NULL,4003,0,0,NULL,0,0,0,NULL),('bschnei4','Precalculus',14,NULL,NULL,NULL,3431,0,0,NULL,0,0,0,NULL),('bschnei4','Precalculus',15,NULL,NULL,NULL,1537,0,0,NULL,0,0,0,NULL),('bschnei4','Precalculus',16,NULL,NULL,NULL,54,0,0,NULL,0,0,0,NULL),('bschnei4','Precalculus',17,NULL,NULL,NULL,3185,0,0,NULL,0,0,0,NULL),('bschnei4','Precalculus',18,NULL,NULL,NULL,2131,0,0,NULL,0,0,0,NULL),('bschnei4','Precalculus',19,NULL,NULL,NULL,4963,0,0,NULL,0,0,0,NULL),('bschnei4','Precalculus',20,NULL,NULL,NULL,1365,0,0,NULL,0,0,0,NULL),('bschnei4','Precalculus',21,NULL,NULL,NULL,4387,0,0,NULL,0,0,0,NULL),('bschnei4','Precalculus',22,NULL,NULL,NULL,4175,0,0,NULL,0,0,0,NULL),('bschnei4','Precalculus',23,NULL,NULL,NULL,3649,0,0,NULL,0,0,0,NULL),('bschnei4','Precalculus',24,NULL,NULL,NULL,1812,0,0,NULL,0,0,0,NULL),('bschnei4','Precalculus',25,NULL,NULL,NULL,3438,0,0,NULL,0,0,0,NULL),('bschnei4','Precalculus',26,NULL,NULL,NULL,4091,0,0,NULL,0,0,0,NULL),('bschnei4','Precalculus',27,NULL,NULL,NULL,2599,0,0,NULL,0,0,0,NULL),('bschnei4','Precalculus',28,NULL,NULL,NULL,2399,0,0,NULL,0,0,0,NULL),('bschnei4','Precalculus',29,NULL,NULL,NULL,2606,0,0,NULL,0,0,0,NULL),('pstaab','Demo',5,NULL,NULL,NULL,2704,0,0,NULL,0,0,0,NULL),('jrateau','Demo',3,NULL,NULL,NULL,1113,0,0,NULL,0,0,0,NULL),('jrateau','Demo',4,NULL,NULL,NULL,246,0,0,NULL,0,0,0,NULL),('jrateau','Demo',5,NULL,NULL,NULL,1801,0,0,NULL,0,0,0,NULL),('bschnei4','Demo',3,NULL,NULL,NULL,1586,0,0,NULL,0,0,0,NULL),('bschnei4','Demo',4,NULL,NULL,NULL,3489,0,0,NULL,0,0,0,NULL),('bschnei4','Demo',5,NULL,NULL,NULL,3427,0,0,NULL,0,0,0,NULL);
/*!40000 ALTER TABLE `maa101_problem_user` ENABLE KEYS */;
UNLOCK TABLES;

--
-- Table structure for table `maa101_set`
--

DROP TABLE IF EXISTS `maa101_set`;
/*!40101 SET @saved_cs_client     = @@character_set_client */;
/*!40101 SET character_set_client = utf8 */;
CREATE TABLE `maa101_set` (
  `set_id` tinyblob NOT NULL,
  `set_header` text,
  `hardcopy_header` text,
  `open_date` bigint(20) DEFAULT NULL,
  `due_date` bigint(20) DEFAULT NULL,
  `answer_date` bigint(20) DEFAULT NULL,
  `enable_reduced_scoring` int(11) DEFAULT NULL,
  `assignment_type` text,
  `attempts_per_version` int(11) DEFAULT NULL,
  `time_interval` int(11) DEFAULT NULL,
  `versions_per_interval` int(11) DEFAULT NULL,
  `version_time_limit` int(11) DEFAULT NULL,
  `version_creation_time` bigint(20) DEFAULT NULL,
  `problem_randorder` int(11) DEFAULT NULL,
  `version_last_attempt_time` bigint(20) DEFAULT NULL,
  `problems_per_page` int(11) DEFAULT NULL,
  `hide_score` enum('N','Y','BeforeAnswerDate') DEFAULT NULL,
  `hide_score_by_problem` enum('N','Y') DEFAULT NULL,
  `hide_work` enum('N','Y','BeforeAnswerDate') DEFAULT NULL,
  `time_limit_cap` enum('0','1') DEFAULT NULL,
  `restrict_ip` enum('No','RestrictTo','DenyFrom') DEFAULT 'No',
  `relax_restrict_ip` enum('No','AfterAnswerDate','AfterVersionAnswerDate') DEFAULT 'No',
  `restricted_login_proctor` enum('No','Yes') DEFAULT NULL,
  `visible` int(11) DEFAULT NULL,
  `description` text,
  `hide_hint` int(11) DEFAULT NULL,
  `restricted_status` float DEFAULT NULL,
  `restricted_release` text,
  UNIQUE KEY `set_id` (`set_id`(255))
) ENGINE=MyISAM DEFAULT CHARSET=latin1;
/*!40101 SET character_set_client = @saved_cs_client */;

--
-- Dumping data for table `maa101_set`
--

LOCK TABLES `maa101_set` WRITE;
/*!40000 ALTER TABLE `maa101_set` DISABLE KEYS */;
INSERT INTO `maa101_set` VALUES ('HW4','defaultHeader','defaultHeader',1379131140,1379735940,1379822340,0,NULL,-1,NULL,NULL,NULL,NULL,NULL,NULL,1,'N','N','N',NULL,'No','No','No',0,NULL,NULL,NULL,NULL),('Demo','setDemo/screenHeaderFile1.pg','setDemo/paperHeaderFile1.pg',1378007940,1378871940,1379044740,0,'default',NULL,NULL,NULL,NULL,NULL,NULL,NULL,NULL,NULL,NULL,NULL,NULL,'No','No',NULL,1,NULL,NULL,NULL,NULL),('Orientation','setOrientation/setHeader.pg',NULL,1378353540,1379822340,1379390340,0,NULL,NULL,NULL,NULL,NULL,NULL,NULL,NULL,NULL,'N',NULL,'N',NULL,'No','No',NULL,1,NULL,NULL,NULL,NULL),('College_Algebra','setCollegeAlgebraHeader.pg','setCollegeAlgebraHeader.pg',1377489540,1378353540,1378526340,0,NULL,NULL,NULL,NULL,NULL,NULL,NULL,NULL,NULL,'N',NULL,'N',NULL,'No','No',NULL,1,NULL,NULL,NULL,NULL),('Precalculus','setPrecalculusHeader.pg','setPrecalculusHeader.pg',1379131140,1380081540,1380167940,0,NULL,NULL,NULL,NULL,NULL,NULL,NULL,NULL,NULL,'N',NULL,'N',NULL,'No','No',NULL,1,NULL,NULL,NULL,NULL),('This_is_a_very_long_name_to_test_something','defaultHeader','defaultHeader',1372737540,1373601540,1373774340,0,NULL,NULL,NULL,NULL,NULL,NULL,NULL,NULL,NULL,NULL,NULL,NULL,NULL,NULL,NULL,NULL,1,NULL,NULL,NULL,NULL),('HW1.1','defaultHeader','defaultHeader',1377662340,1378525500,1378785600,1,NULL,NULL,NULL,NULL,NULL,NULL,NULL,NULL,NULL,NULL,NULL,NULL,NULL,NULL,NULL,NULL,1,NULL,NULL,NULL,NULL),('HW1.2','defaultHeader','defaultHeader',1368849540,1369713540,1369886340,0,NULL,NULL,NULL,NULL,NULL,NULL,NULL,NULL,NULL,NULL,NULL,NULL,NULL,NULL,NULL,NULL,1,NULL,NULL,NULL,NULL),('HW2',NULL,NULL,1380772797,1381636797,1382441577,0,NULL,-1,0,0,0,0,0,0,NULL,'N','N','N','0','No','No','No',0,NULL,NULL,NULL,NULL),('HW3.2','defaultHeader','defaultHeader',1372910355,1374379155,1374551955,0,NULL,-1,NULL,NULL,NULL,NULL,NULL,NULL,1,'N','N','N',NULL,'No','No','No',0,NULL,NULL,NULL,NULL),('HW3','defaultHeader','defaultHeader',1373428763,1374379163,1374551963,0,NULL,-1,NULL,NULL,NULL,NULL,NULL,NULL,1,'N','N','N',NULL,'No','No','No',1,NULL,NULL,NULL,NULL),('HW44',NULL,NULL,1378007940,1378958340,1379044740,0,NULL,-1,0,0,0,0,0,0,NULL,'N','N','N','0','No','No','No',0,NULL,NULL,NULL,NULL),('xyz123',NULL,NULL,1378612740,1379476740,1379649540,0,NULL,NULL,NULL,NULL,NULL,NULL,NULL,NULL,NULL,NULL,NULL,NULL,NULL,NULL,NULL,NULL,1,NULL,NULL,NULL,NULL),('HW6.2',NULL,NULL,1380772789,1381636789,1382441569,0,NULL,-1,0,0,0,0,0,0,NULL,'N','N','N','0','No','No','No',0,NULL,NULL,NULL,NULL),('HW6.1',NULL,NULL,1380772783,1381636783,1382441563,0,NULL,-1,0,0,0,0,0,0,NULL,'N','N','N','0','No','No','No',0,NULL,NULL,NULL,NULL),('HW6',NULL,NULL,1381377578,1381636778,1382441558,0,NULL,-1,0,0,0,0,0,0,NULL,'N','N','N','0','No','No','No',0,NULL,NULL,NULL,NULL),('HW7',NULL,NULL,1381204761,1381636761,1382441541,0,NULL,-1,0,0,0,0,0,0,NULL,'N','N','N','0','No','No','No',0,NULL,NULL,NULL,NULL);
/*!40000 ALTER TABLE `maa101_set` ENABLE KEYS */;
UNLOCK TABLES;

--
-- Table structure for table `maa101_set_locations`
--

DROP TABLE IF EXISTS `maa101_set_locations`;
/*!40101 SET @saved_cs_client     = @@character_set_client */;
/*!40101 SET character_set_client = utf8 */;
CREATE TABLE `maa101_set_locations` (
  `set_id` tinyblob NOT NULL,
  `location_id` tinyblob NOT NULL,
  UNIQUE KEY `set_id` (`set_id`(255),`location_id`(255)),
  KEY `location_id` (`location_id`(255))
) ENGINE=MyISAM DEFAULT CHARSET=latin1;
/*!40101 SET character_set_client = @saved_cs_client */;

--
-- Dumping data for table `maa101_set_locations`
--

LOCK TABLES `maa101_set_locations` WRITE;
/*!40000 ALTER TABLE `maa101_set_locations` DISABLE KEYS */;
/*!40000 ALTER TABLE `maa101_set_locations` ENABLE KEYS */;
UNLOCK TABLES;

--
-- Table structure for table `maa101_set_locations_user`
--

DROP TABLE IF EXISTS `maa101_set_locations_user`;
/*!40101 SET @saved_cs_client     = @@character_set_client */;
/*!40101 SET character_set_client = utf8 */;
CREATE TABLE `maa101_set_locations_user` (
  `user_id` tinyblob NOT NULL,
  `set_id` tinyblob NOT NULL,
  `location_id` tinyblob NOT NULL,
  UNIQUE KEY `user_id` (`user_id`(255),`set_id`(255),`location_id`(255)),
  KEY `set_id` (`set_id`(255),`location_id`(255)),
  KEY `location_id` (`location_id`(255))
) ENGINE=MyISAM DEFAULT CHARSET=latin1;
/*!40101 SET character_set_client = @saved_cs_client */;

--
-- Dumping data for table `maa101_set_locations_user`
--

LOCK TABLES `maa101_set_locations_user` WRITE;
/*!40000 ALTER TABLE `maa101_set_locations_user` DISABLE KEYS */;
/*!40000 ALTER TABLE `maa101_set_locations_user` ENABLE KEYS */;
UNLOCK TABLES;

--
-- Table structure for table `maa101_set_user`
--

DROP TABLE IF EXISTS `maa101_set_user`;
/*!40101 SET @saved_cs_client     = @@character_set_client */;
/*!40101 SET character_set_client = utf8 */;
CREATE TABLE `maa101_set_user` (
  `user_id` tinyblob NOT NULL,
  `set_id` tinyblob NOT NULL,
  `psvn` int(11) NOT NULL AUTO_INCREMENT,
  `set_header` text,
  `hardcopy_header` text,
  `open_date` bigint(20) DEFAULT NULL,
  `due_date` bigint(20) DEFAULT NULL,
  `answer_date` bigint(20) DEFAULT NULL,
  `enable_reduced_scoring` int(11) DEFAULT NULL,
  `assignment_type` text,
  `attempts_per_version` int(11) DEFAULT NULL,
  `time_interval` int(11) DEFAULT NULL,
  `versions_per_interval` int(11) DEFAULT NULL,
  `version_time_limit` int(11) DEFAULT NULL,
  `version_creation_time` bigint(20) DEFAULT NULL,
  `problem_randorder` int(11) DEFAULT NULL,
  `version_last_attempt_time` bigint(20) DEFAULT NULL,
  `problems_per_page` int(11) DEFAULT NULL,
  `hide_score` enum('N','Y','BeforeAnswerDate') DEFAULT NULL,
  `hide_score_by_problem` enum('N','Y') DEFAULT NULL,
  `hide_work` enum('N','Y','BeforeAnswerDate') DEFAULT NULL,
  `time_limit_cap` enum('0','1') DEFAULT NULL,
  `restrict_ip` enum('No','RestrictTo','DenyFrom') DEFAULT NULL,
  `relax_restrict_ip` enum('No','AfterAnswerDate','AfterVersionAnswerDate') DEFAULT NULL,
  `restricted_login_proctor` enum('No','Yes') DEFAULT NULL,
  `visible` int(11) DEFAULT NULL,
  `description` text,
  `hide_hint` int(11) DEFAULT NULL,
  `restricted_status` float DEFAULT NULL,
  `restricted_release` text,
  UNIQUE KEY `psvn` (`psvn`),
  UNIQUE KEY `user_id` (`user_id`(255),`set_id`(255)),
  KEY `set_id` (`set_id`(255))
) ENGINE=MyISAM AUTO_INCREMENT=284 DEFAULT CHARSET=latin1;
/*!40101 SET character_set_client = @saved_cs_client */;

--
-- Dumping data for table `maa101_set_user`
--

LOCK TABLES `maa101_set_user` WRITE;
/*!40000 ALTER TABLE `maa101_set_user` DISABLE KEYS */;
INSERT INTO `maa101_set_user` VALUES ('mbangra4','Orientation',161,NULL,NULL,NULL,NULL,NULL,NULL,NULL,NULL,NULL,NULL,NULL,NULL,NULL,NULL,NULL,NULL,NULL,NULL,NULL,NULL,NULL,NULL,NULL,NULL,NULL,NULL,NULL),('kandrea','Orientation',162,NULL,NULL,NULL,NULL,NULL,NULL,NULL,NULL,NULL,NULL,NULL,NULL,NULL,NULL,NULL,NULL,NULL,NULL,NULL,NULL,NULL,NULL,NULL,NULL,NULL,NULL,NULL),('jrateau','College_Algebra',274,NULL,NULL,NULL,NULL,NULL,NULL,NULL,NULL,NULL,NULL,NULL,NULL,NULL,NULL,NULL,NULL,NULL,NULL,NULL,NULL,NULL,NULL,NULL,NULL,NULL,NULL,NULL),('jconwa11','Precalculus',164,NULL,NULL,NULL,NULL,NULL,NULL,NULL,NULL,NULL,NULL,NULL,NULL,NULL,NULL,NULL,NULL,NULL,NULL,NULL,NULL,NULL,NULL,NULL,NULL,NULL,NULL,NULL),('profa','HW1.2',102,NULL,NULL,NULL,NULL,NULL,NULL,NULL,NULL,NULL,NULL,NULL,NULL,NULL,NULL,NULL,NULL,NULL,NULL,NULL,NULL,NULL,NULL,NULL,NULL,NULL,NULL,NULL),('practice9','HW1.2',101,NULL,NULL,NULL,NULL,NULL,NULL,NULL,NULL,NULL,NULL,NULL,NULL,NULL,NULL,NULL,NULL,NULL,NULL,NULL,NULL,NULL,NULL,NULL,NULL,NULL,NULL,NULL),('jconwa11','College_Algebra',158,NULL,NULL,NULL,NULL,NULL,NULL,NULL,NULL,NULL,NULL,NULL,NULL,NULL,NULL,NULL,NULL,NULL,NULL,NULL,NULL,NULL,NULL,NULL,NULL,NULL,NULL,NULL),('jrateau','HW1.1',263,'defaultHeader','defaultHeader',1372391940,1373255940,1373428740,1,NULL,NULL,NULL,NULL,NULL,NULL,NULL,NULL,NULL,NULL,NULL,NULL,NULL,NULL,NULL,NULL,1,NULL,NULL,NULL,NULL),('kandrea','HW1.1',256,NULL,NULL,6,6,6,NULL,NULL,NULL,NULL,NULL,NULL,NULL,NULL,NULL,NULL,NULL,NULL,NULL,NULL,NULL,NULL,NULL,NULL,NULL,NULL,NULL,NULL),('jconwa11','Orientation',156,NULL,NULL,NULL,NULL,NULL,NULL,NULL,NULL,NULL,NULL,NULL,NULL,NULL,NULL,NULL,NULL,NULL,NULL,NULL,NULL,NULL,NULL,NULL,NULL,NULL,NULL,NULL),('mbangra4','Demo',223,NULL,NULL,NULL,NULL,NULL,NULL,NULL,NULL,NULL,NULL,NULL,NULL,NULL,NULL,NULL,NULL,NULL,NULL,NULL,NULL,NULL,NULL,NULL,NULL,NULL,NULL,NULL),('sphilli5','College_Algebra',173,NULL,NULL,NULL,NULL,NULL,NULL,NULL,NULL,NULL,NULL,NULL,NULL,NULL,NULL,NULL,NULL,NULL,NULL,NULL,NULL,NULL,NULL,NULL,NULL,NULL,NULL,NULL),('rcarlso6','Orientation',167,NULL,NULL,NULL,NULL,NULL,NULL,NULL,NULL,NULL,NULL,NULL,NULL,NULL,NULL,NULL,NULL,NULL,NULL,NULL,NULL,NULL,NULL,NULL,NULL,NULL,NULL,NULL),('mbangra4','College_Algebra',166,NULL,NULL,NULL,NULL,NULL,NULL,NULL,NULL,NULL,NULL,NULL,NULL,NULL,NULL,NULL,NULL,NULL,NULL,NULL,NULL,NULL,NULL,NULL,NULL,NULL,NULL,NULL),('sphilli5','Orientation',165,NULL,NULL,NULL,NULL,NULL,NULL,NULL,NULL,NULL,NULL,NULL,NULL,NULL,NULL,NULL,NULL,NULL,NULL,NULL,NULL,NULL,NULL,NULL,NULL,NULL,NULL,NULL),('practice9','Demo',42,NULL,NULL,NULL,NULL,NULL,NULL,NULL,NULL,NULL,NULL,NULL,NULL,NULL,NULL,NULL,NULL,NULL,NULL,NULL,NULL,NULL,NULL,NULL,NULL,NULL,NULL,NULL),('profa','Demo',43,NULL,NULL,NULL,NULL,NULL,NULL,NULL,NULL,NULL,NULL,NULL,NULL,NULL,NULL,NULL,NULL,NULL,NULL,NULL,NULL,NULL,NULL,NULL,NULL,NULL,NULL,NULL),('profb','Demo',44,NULL,NULL,NULL,NULL,NULL,NULL,NULL,NULL,NULL,NULL,NULL,NULL,NULL,NULL,NULL,NULL,NULL,NULL,NULL,NULL,NULL,NULL,NULL,NULL,NULL,NULL,NULL),('jbartl12','Orientation',169,NULL,NULL,NULL,NULL,NULL,NULL,NULL,NULL,NULL,NULL,NULL,NULL,NULL,NULL,NULL,NULL,NULL,NULL,NULL,NULL,NULL,NULL,NULL,NULL,NULL,NULL,NULL),('admin','HW1.2',146,NULL,NULL,NULL,NULL,NULL,NULL,NULL,NULL,NULL,NULL,NULL,NULL,NULL,NULL,NULL,NULL,NULL,NULL,NULL,NULL,NULL,NULL,NULL,NULL,NULL,NULL,NULL),('admin','College_Algebra',144,NULL,NULL,NULL,NULL,NULL,NULL,NULL,NULL,NULL,NULL,NULL,NULL,NULL,NULL,NULL,NULL,NULL,NULL,NULL,NULL,NULL,NULL,NULL,NULL,NULL,NULL,NULL),('admin','Precalculus',143,NULL,NULL,NULL,NULL,NULL,NULL,NULL,NULL,NULL,NULL,NULL,NULL,NULL,NULL,NULL,NULL,NULL,NULL,NULL,NULL,NULL,NULL,NULL,NULL,NULL,NULL,NULL),('jbartl12','Demo',227,NULL,NULL,NULL,NULL,NULL,NULL,NULL,NULL,NULL,NULL,NULL,NULL,NULL,NULL,NULL,NULL,NULL,NULL,NULL,NULL,NULL,NULL,NULL,NULL,NULL,NULL,NULL),('kandrea','Demo',224,NULL,NULL,NULL,NULL,NULL,NULL,NULL,NULL,NULL,NULL,NULL,NULL,NULL,NULL,NULL,NULL,NULL,NULL,NULL,NULL,NULL,NULL,NULL,NULL,NULL,NULL,NULL),('admin','Orientation',139,NULL,NULL,NULL,NULL,NULL,NULL,NULL,NULL,NULL,NULL,NULL,NULL,NULL,NULL,NULL,NULL,NULL,NULL,NULL,NULL,NULL,NULL,NULL,NULL,NULL,NULL,NULL),('practice9','Orientation',57,NULL,NULL,NULL,NULL,NULL,NULL,NULL,NULL,NULL,NULL,NULL,NULL,NULL,NULL,NULL,NULL,NULL,NULL,NULL,NULL,NULL,NULL,NULL,NULL,NULL,NULL,NULL),('profa','Orientation',58,NULL,NULL,NULL,NULL,NULL,NULL,NULL,NULL,NULL,NULL,NULL,NULL,NULL,NULL,NULL,NULL,NULL,NULL,NULL,NULL,NULL,NULL,NULL,NULL,NULL,NULL,NULL),('profb','Orientation',59,NULL,NULL,NULL,NULL,NULL,NULL,NULL,NULL,NULL,NULL,NULL,NULL,NULL,NULL,NULL,NULL,NULL,NULL,NULL,NULL,NULL,NULL,NULL,NULL,NULL,NULL,NULL),('epaquin','Orientation',171,NULL,NULL,NULL,NULL,NULL,NULL,NULL,NULL,NULL,NULL,NULL,NULL,NULL,NULL,NULL,NULL,NULL,NULL,NULL,NULL,NULL,NULL,NULL,NULL,NULL,NULL,NULL),('admin','Demo',136,NULL,NULL,NULL,NULL,NULL,NULL,NULL,NULL,NULL,NULL,NULL,NULL,NULL,NULL,NULL,NULL,NULL,NULL,NULL,NULL,NULL,NULL,NULL,NULL,NULL,NULL,NULL),('admin','This_is_a_very_long_name_to_test_something',134,NULL,NULL,NULL,NULL,NULL,NULL,NULL,NULL,NULL,NULL,NULL,NULL,NULL,NULL,NULL,NULL,NULL,NULL,NULL,NULL,NULL,NULL,NULL,NULL,NULL,NULL,NULL),('pstaab','College_Algebra',275,NULL,NULL,NULL,NULL,123483723,NULL,NULL,NULL,NULL,NULL,NULL,NULL,NULL,NULL,NULL,NULL,NULL,NULL,NULL,NULL,NULL,NULL,NULL,NULL,NULL,NULL,NULL),('profa','This_is_a_very_long_name_to_test_something',131,NULL,NULL,NULL,NULL,NULL,NULL,NULL,NULL,NULL,NULL,NULL,NULL,NULL,NULL,NULL,NULL,NULL,NULL,NULL,NULL,NULL,NULL,NULL,NULL,NULL,NULL,NULL),('profb','This_is_a_very_long_name_to_test_something',132,NULL,NULL,NULL,NULL,NULL,NULL,NULL,NULL,NULL,NULL,NULL,NULL,NULL,NULL,NULL,NULL,NULL,NULL,NULL,NULL,NULL,NULL,NULL,NULL,NULL,NULL,NULL),('practice9','College_Algebra',76,NULL,NULL,NULL,NULL,NULL,NULL,NULL,NULL,NULL,NULL,NULL,NULL,NULL,NULL,NULL,NULL,NULL,NULL,NULL,NULL,NULL,NULL,NULL,NULL,NULL,NULL,NULL),('profa','College_Algebra',78,NULL,NULL,NULL,NULL,NULL,NULL,NULL,NULL,NULL,NULL,NULL,NULL,NULL,NULL,NULL,NULL,NULL,NULL,NULL,NULL,NULL,NULL,NULL,NULL,NULL,NULL,NULL),('profb','College_Algebra',79,NULL,NULL,NULL,NULL,NULL,NULL,NULL,NULL,NULL,NULL,NULL,NULL,NULL,NULL,NULL,NULL,NULL,NULL,NULL,NULL,NULL,NULL,NULL,NULL,NULL,NULL,NULL),('profb','HW1.2',103,NULL,NULL,NULL,NULL,NULL,NULL,NULL,NULL,NULL,NULL,NULL,NULL,NULL,NULL,NULL,NULL,NULL,NULL,NULL,NULL,NULL,NULL,NULL,NULL,NULL,NULL,NULL),('pstaab','HW1.2',104,NULL,NULL,NULL,NULL,NULL,NULL,NULL,NULL,NULL,NULL,NULL,NULL,NULL,NULL,NULL,NULL,NULL,NULL,NULL,NULL,NULL,NULL,NULL,NULL,NULL,NULL,NULL),('profa','HW6.2',283,NULL,NULL,NULL,NULL,NULL,NULL,NULL,NULL,NULL,NULL,NULL,NULL,NULL,NULL,NULL,NULL,NULL,NULL,NULL,NULL,NULL,NULL,NULL,NULL,NULL,NULL,NULL),('admin','HW4',240,'defaultHeader','defaultHeader',1373428740,1374033540,1374206340,NULL,NULL,-1,NULL,NULL,NULL,NULL,NULL,NULL,NULL,'N','N','N',NULL,'No','No','No',NULL,NULL,NULL,NULL,NULL),('practice9','This_is_a_very_long_name_to_test_something',130,NULL,NULL,NULL,NULL,NULL,NULL,NULL,NULL,NULL,NULL,NULL,NULL,NULL,NULL,NULL,NULL,NULL,NULL,NULL,NULL,NULL,NULL,NULL,NULL,NULL,NULL,NULL),('practice9','Precalculus',90,NULL,NULL,NULL,NULL,NULL,NULL,NULL,NULL,NULL,NULL,NULL,NULL,NULL,NULL,NULL,NULL,NULL,NULL,NULL,NULL,NULL,NULL,NULL,NULL,NULL,NULL,NULL),('profa','Precalculus',92,NULL,NULL,NULL,NULL,NULL,NULL,NULL,NULL,NULL,NULL,NULL,NULL,NULL,NULL,NULL,NULL,NULL,NULL,NULL,NULL,NULL,NULL,NULL,NULL,NULL,NULL,NULL),('profb','Precalculus',93,NULL,NULL,NULL,NULL,NULL,NULL,NULL,NULL,NULL,NULL,NULL,NULL,NULL,NULL,NULL,NULL,NULL,NULL,NULL,NULL,NULL,NULL,NULL,NULL,NULL,NULL,NULL),('kjohns59','Orientation',175,NULL,NULL,NULL,NULL,NULL,NULL,NULL,NULL,NULL,NULL,NULL,NULL,NULL,NULL,NULL,NULL,NULL,NULL,NULL,NULL,NULL,NULL,NULL,NULL,NULL,NULL,NULL),('srheaul2','Orientation',174,NULL,NULL,NULL,NULL,NULL,NULL,NULL,NULL,NULL,NULL,NULL,NULL,NULL,NULL,NULL,NULL,NULL,NULL,NULL,NULL,NULL,NULL,NULL,NULL,NULL,NULL,NULL),('rcarlso6','College_Algebra',176,NULL,NULL,NULL,NULL,NULL,NULL,NULL,NULL,NULL,NULL,NULL,NULL,NULL,NULL,NULL,NULL,NULL,NULL,NULL,NULL,NULL,NULL,NULL,NULL,NULL,NULL,NULL),('mbangra4','Precalculus',177,NULL,NULL,NULL,NULL,NULL,NULL,NULL,NULL,NULL,NULL,NULL,NULL,NULL,NULL,NULL,NULL,NULL,NULL,NULL,NULL,NULL,NULL,NULL,NULL,NULL,NULL,NULL),('jtroiani','Orientation',178,NULL,NULL,NULL,NULL,NULL,NULL,NULL,NULL,NULL,NULL,NULL,NULL,NULL,NULL,NULL,NULL,NULL,NULL,NULL,NULL,NULL,NULL,NULL,NULL,NULL,NULL,NULL),('jbartl12','College_Algebra',179,NULL,NULL,NULL,NULL,NULL,NULL,NULL,NULL,NULL,NULL,NULL,NULL,NULL,NULL,NULL,NULL,NULL,NULL,NULL,NULL,NULL,NULL,NULL,NULL,NULL,NULL,NULL),('dvictori','Orientation',180,NULL,NULL,NULL,NULL,NULL,NULL,NULL,NULL,NULL,NULL,NULL,NULL,NULL,NULL,NULL,NULL,NULL,NULL,NULL,NULL,NULL,NULL,NULL,NULL,NULL,NULL,NULL),('epaquin','College_Algebra',181,NULL,NULL,NULL,NULL,NULL,NULL,NULL,NULL,NULL,NULL,NULL,NULL,NULL,NULL,NULL,NULL,NULL,NULL,NULL,NULL,NULL,NULL,NULL,NULL,NULL,NULL,NULL),('pstaab','Orientation',182,NULL,NULL,NULL,NULL,NULL,NULL,NULL,NULL,NULL,NULL,NULL,NULL,NULL,NULL,NULL,NULL,NULL,NULL,NULL,NULL,NULL,NULL,NULL,NULL,NULL,NULL,NULL),('kandrea','Precalculus',183,NULL,NULL,NULL,NULL,NULL,NULL,NULL,NULL,NULL,NULL,NULL,NULL,NULL,NULL,NULL,NULL,NULL,NULL,NULL,NULL,NULL,NULL,NULL,NULL,NULL,NULL,NULL),('srheaul2','College_Algebra',184,NULL,NULL,NULL,NULL,NULL,NULL,NULL,NULL,NULL,NULL,NULL,NULL,NULL,NULL,NULL,NULL,NULL,NULL,NULL,NULL,NULL,NULL,NULL,NULL,NULL,NULL,NULL),('jrateau','Orientation',185,NULL,NULL,NULL,NULL,NULL,NULL,NULL,NULL,NULL,NULL,NULL,NULL,NULL,NULL,NULL,NULL,NULL,NULL,NULL,NULL,NULL,NULL,NULL,NULL,NULL,NULL,NULL),('sphilli5','Precalculus',186,NULL,NULL,NULL,NULL,NULL,NULL,NULL,NULL,NULL,NULL,NULL,NULL,NULL,NULL,NULL,NULL,NULL,NULL,NULL,NULL,NULL,NULL,NULL,NULL,NULL,NULL,NULL),('bschnei4','Orientation',187,NULL,NULL,NULL,NULL,NULL,NULL,NULL,NULL,NULL,NULL,NULL,NULL,NULL,NULL,NULL,NULL,NULL,NULL,NULL,NULL,NULL,NULL,NULL,NULL,NULL,NULL,NULL),('kjohns59','College_Algebra',188,NULL,NULL,NULL,NULL,NULL,NULL,NULL,NULL,NULL,NULL,NULL,NULL,NULL,NULL,NULL,NULL,NULL,NULL,NULL,NULL,NULL,NULL,NULL,NULL,NULL,NULL,NULL),('jtroiani','College_Algebra',189,NULL,NULL,NULL,NULL,NULL,NULL,NULL,NULL,NULL,NULL,NULL,NULL,NULL,NULL,NULL,NULL,NULL,NULL,NULL,NULL,NULL,NULL,NULL,NULL,NULL,NULL,NULL),('rcarlso6','Precalculus',190,NULL,NULL,NULL,NULL,NULL,NULL,NULL,NULL,NULL,NULL,NULL,NULL,NULL,NULL,NULL,NULL,NULL,NULL,NULL,NULL,NULL,NULL,NULL,NULL,NULL,NULL,NULL),('dvictori','College_Algebra',191,NULL,NULL,NULL,NULL,NULL,NULL,NULL,NULL,NULL,NULL,NULL,NULL,NULL,NULL,NULL,NULL,NULL,NULL,NULL,NULL,NULL,NULL,NULL,NULL,NULL,NULL,NULL),('jbartl12','Precalculus',192,NULL,NULL,NULL,NULL,NULL,NULL,NULL,NULL,NULL,NULL,NULL,NULL,NULL,NULL,NULL,NULL,NULL,NULL,NULL,NULL,NULL,NULL,NULL,NULL,NULL,NULL,NULL),('epaquin','Precalculus',194,NULL,NULL,NULL,NULL,NULL,NULL,NULL,NULL,NULL,NULL,NULL,NULL,NULL,NULL,NULL,NULL,NULL,NULL,NULL,NULL,NULL,NULL,NULL,NULL,NULL,NULL,NULL),('kandrea','College_Algebra',273,NULL,NULL,12344556,NULL,NULL,NULL,NULL,NULL,NULL,NULL,NULL,NULL,NULL,NULL,NULL,NULL,NULL,NULL,NULL,NULL,NULL,NULL,NULL,NULL,NULL,NULL,NULL),('srheaul2','Precalculus',196,NULL,NULL,NULL,NULL,NULL,NULL,NULL,NULL,NULL,NULL,NULL,NULL,NULL,NULL,NULL,NULL,NULL,NULL,NULL,NULL,NULL,NULL,NULL,NULL,NULL,NULL,NULL),('bschnei4','College_Algebra',197,NULL,NULL,NULL,NULL,NULL,NULL,NULL,NULL,NULL,NULL,NULL,NULL,NULL,NULL,NULL,NULL,NULL,NULL,NULL,NULL,NULL,NULL,NULL,NULL,NULL,NULL,NULL),('kjohns59','Precalculus',198,NULL,NULL,NULL,NULL,NULL,NULL,NULL,NULL,NULL,NULL,NULL,NULL,NULL,NULL,NULL,NULL,NULL,NULL,NULL,NULL,NULL,NULL,NULL,NULL,NULL,NULL,NULL),('jtroiani','Precalculus',199,NULL,NULL,NULL,NULL,NULL,NULL,NULL,NULL,NULL,NULL,NULL,NULL,NULL,NULL,NULL,NULL,NULL,NULL,NULL,NULL,NULL,NULL,NULL,NULL,NULL,NULL,NULL),('dvictori','Precalculus',200,NULL,NULL,NULL,NULL,NULL,NULL,NULL,NULL,NULL,NULL,NULL,NULL,NULL,NULL,NULL,NULL,NULL,NULL,NULL,NULL,NULL,NULL,NULL,NULL,NULL,NULL,NULL),('pstaab','Precalculus',201,NULL,NULL,NULL,NULL,NULL,NULL,NULL,NULL,NULL,NULL,NULL,NULL,NULL,NULL,NULL,NULL,NULL,NULL,NULL,NULL,NULL,NULL,NULL,NULL,NULL,NULL,NULL),('jrateau','Precalculus',202,NULL,NULL,NULL,NULL,NULL,NULL,NULL,NULL,NULL,NULL,NULL,NULL,NULL,NULL,NULL,NULL,NULL,NULL,NULL,NULL,NULL,NULL,NULL,NULL,NULL,NULL,NULL),('bschnei4','Precalculus',203,NULL,NULL,NULL,NULL,NULL,NULL,NULL,NULL,NULL,NULL,NULL,NULL,NULL,NULL,NULL,NULL,NULL,NULL,NULL,NULL,NULL,NULL,NULL,NULL,NULL,NULL,NULL),('rcarlso6','Demo',226,NULL,NULL,NULL,NULL,NULL,NULL,NULL,NULL,NULL,NULL,NULL,NULL,NULL,NULL,NULL,NULL,NULL,NULL,NULL,NULL,NULL,NULL,NULL,NULL,NULL,NULL,NULL),('sphilli5','Demo',225,NULL,NULL,NULL,NULL,NULL,NULL,NULL,NULL,NULL,NULL,NULL,NULL,NULL,NULL,NULL,NULL,NULL,NULL,NULL,NULL,NULL,NULL,NULL,NULL,NULL,NULL,NULL),('jconwa11','Demo',220,NULL,NULL,NULL,NULL,NULL,NULL,NULL,NULL,NULL,NULL,NULL,NULL,NULL,NULL,NULL,NULL,NULL,NULL,NULL,NULL,NULL,NULL,NULL,NULL,NULL,NULL,NULL),('epaquin','Demo',228,NULL,NULL,NULL,NULL,NULL,NULL,NULL,NULL,NULL,NULL,NULL,NULL,NULL,NULL,NULL,NULL,NULL,NULL,NULL,NULL,NULL,NULL,NULL,NULL,NULL,NULL,NULL),('srheaul2','Demo',229,NULL,NULL,NULL,NULL,NULL,NULL,NULL,NULL,NULL,NULL,NULL,NULL,NULL,NULL,NULL,NULL,NULL,NULL,NULL,NULL,NULL,NULL,NULL,NULL,NULL,NULL,NULL),('kjohns59','Demo',230,NULL,NULL,NULL,NULL,NULL,NULL,NULL,NULL,NULL,NULL,NULL,NULL,NULL,NULL,NULL,NULL,NULL,NULL,NULL,NULL,NULL,NULL,NULL,NULL,NULL,NULL,NULL),('jtroiani','Demo',231,NULL,NULL,NULL,NULL,NULL,NULL,NULL,NULL,NULL,NULL,NULL,NULL,NULL,NULL,NULL,NULL,NULL,NULL,NULL,NULL,NULL,NULL,NULL,NULL,NULL,NULL,NULL),('dvictori','Demo',232,NULL,NULL,NULL,NULL,NULL,NULL,NULL,NULL,NULL,NULL,NULL,NULL,NULL,NULL,NULL,NULL,NULL,NULL,NULL,NULL,NULL,NULL,NULL,NULL,NULL,NULL,NULL),('pstaab','Demo',233,NULL,NULL,NULL,NULL,NULL,NULL,NULL,NULL,NULL,NULL,NULL,NULL,NULL,NULL,NULL,NULL,NULL,NULL,NULL,NULL,NULL,NULL,NULL,NULL,NULL,NULL,NULL),('jrateau','Demo',234,NULL,NULL,NULL,NULL,NULL,NULL,NULL,NULL,NULL,NULL,NULL,NULL,NULL,NULL,NULL,NULL,NULL,NULL,NULL,NULL,NULL,NULL,NULL,NULL,NULL,NULL,NULL),('bschnei4','Demo',235,NULL,NULL,NULL,NULL,NULL,NULL,NULL,NULL,NULL,NULL,NULL,NULL,NULL,NULL,NULL,NULL,NULL,NULL,NULL,NULL,NULL,NULL,NULL,NULL,NULL,NULL,NULL),('jconwa11','HW4',242,NULL,NULL,NULL,NULL,NULL,NULL,NULL,NULL,NULL,NULL,NULL,NULL,NULL,NULL,NULL,NULL,NULL,NULL,NULL,NULL,NULL,NULL,NULL,NULL,NULL,NULL,NULL),('practice9','HW4',244,NULL,NULL,NULL,NULL,NULL,NULL,NULL,NULL,NULL,NULL,NULL,NULL,NULL,NULL,NULL,NULL,NULL,NULL,NULL,NULL,NULL,NULL,NULL,NULL,NULL,NULL,NULL),('profa','HW4',245,NULL,NULL,NULL,NULL,NULL,NULL,NULL,NULL,NULL,NULL,NULL,NULL,NULL,NULL,NULL,NULL,NULL,NULL,NULL,NULL,NULL,NULL,NULL,NULL,NULL,NULL,NULL),('profb','HW4',246,NULL,NULL,NULL,NULL,NULL,NULL,NULL,NULL,NULL,NULL,NULL,NULL,NULL,NULL,NULL,NULL,NULL,NULL,NULL,NULL,NULL,NULL,NULL,NULL,NULL,NULL,NULL),('mbangra4','HW1.1',257,NULL,NULL,1370145540,1371095940,1371182340,NULL,NULL,NULL,NULL,NULL,NULL,NULL,NULL,NULL,NULL,NULL,NULL,NULL,NULL,NULL,NULL,NULL,NULL,NULL,NULL,NULL,NULL),('bschnei4','HW1.1',262,NULL,NULL,NULL,NULL,NULL,NULL,NULL,NULL,NULL,NULL,NULL,NULL,NULL,NULL,NULL,NULL,NULL,NULL,NULL,NULL,NULL,NULL,NULL,NULL,NULL,NULL,NULL),('practice9','HW1.1',259,NULL,NULL,1370145540,1371009540,1372305540,NULL,NULL,NULL,NULL,NULL,NULL,NULL,NULL,NULL,NULL,NULL,NULL,NULL,NULL,NULL,NULL,NULL,NULL,NULL,NULL,NULL,NULL),('profa','HW1.1',260,NULL,NULL,1370145540,1371095940,1371182340,NULL,NULL,NULL,NULL,NULL,NULL,NULL,NULL,NULL,NULL,NULL,NULL,NULL,NULL,NULL,NULL,NULL,NULL,NULL,NULL,NULL,NULL),('admin','HW1.1',264,NULL,NULL,1368763140,1371009540,1371182340,NULL,NULL,NULL,NULL,NULL,NULL,NULL,NULL,NULL,NULL,NULL,NULL,NULL,NULL,NULL,NULL,NULL,NULL,NULL,NULL,NULL,NULL),('jconwa11','HW1.1',265,NULL,NULL,1368763140,1371009540,1371182340,NULL,NULL,NULL,NULL,NULL,NULL,NULL,NULL,NULL,NULL,NULL,NULL,NULL,NULL,NULL,NULL,NULL,NULL,NULL,NULL,NULL,NULL),('profa','HW3.2',271,NULL,NULL,NULL,NULL,NULL,NULL,NULL,NULL,NULL,NULL,NULL,NULL,NULL,NULL,NULL,NULL,NULL,NULL,NULL,NULL,NULL,NULL,NULL,NULL,NULL,NULL,NULL),('profa','HW3',270,NULL,NULL,NULL,NULL,NULL,NULL,NULL,NULL,NULL,NULL,NULL,NULL,NULL,NULL,NULL,NULL,NULL,NULL,NULL,NULL,NULL,NULL,NULL,NULL,NULL,NULL,NULL),('profa','xyz123',276,NULL,NULL,NULL,NULL,NULL,NULL,NULL,NULL,NULL,NULL,NULL,NULL,NULL,NULL,NULL,NULL,NULL,NULL,NULL,NULL,NULL,NULL,NULL,NULL,NULL,NULL,NULL),('sphilli5','HW4',277,NULL,NULL,NULL,NULL,NULL,NULL,NULL,NULL,NULL,NULL,NULL,NULL,NULL,NULL,NULL,NULL,NULL,NULL,NULL,NULL,NULL,NULL,NULL,NULL,NULL,NULL,NULL),('rcarlso6','HW4',278,NULL,NULL,NULL,NULL,NULL,NULL,NULL,NULL,NULL,NULL,NULL,NULL,NULL,NULL,NULL,NULL,NULL,NULL,NULL,NULL,NULL,NULL,NULL,NULL,NULL,NULL,NULL),('kandrea','HW4',279,NULL,NULL,NULL,NULL,NULL,NULL,NULL,NULL,NULL,NULL,NULL,NULL,NULL,NULL,NULL,NULL,NULL,NULL,NULL,NULL,NULL,NULL,NULL,NULL,NULL,NULL,NULL),('betty','HW4',281,NULL,NULL,NULL,NULL,NULL,NULL,NULL,NULL,NULL,NULL,NULL,NULL,NULL,NULL,NULL,NULL,NULL,NULL,NULL,NULL,NULL,NULL,NULL,NULL,NULL,NULL,NULL),('lisa','HW4',282,'defaultHeader','defaultHeader',1373255940,1374033540,1374206340,NULL,NULL,-1,NULL,NULL,NULL,NULL,NULL,NULL,NULL,'N','N','N',NULL,'No','No','No',NULL,NULL,NULL,NULL,NULL);
/*!40000 ALTER TABLE `maa101_set_user` ENABLE KEYS */;
UNLOCK TABLES;

--
-- Table structure for table `maa101_setting`
--

DROP TABLE IF EXISTS `maa101_setting`;
/*!40101 SET @saved_cs_client     = @@character_set_client */;
/*!40101 SET character_set_client = utf8 */;
CREATE TABLE `maa101_setting` (
  `name` varchar(255) NOT NULL,
  `value` text,
  UNIQUE KEY `name` (`name`)
) ENGINE=MyISAM DEFAULT CHARSET=latin1;
/*!40101 SET character_set_client = @saved_cs_client */;

--
-- Dumping data for table `maa101_setting`
--

LOCK TABLES `maa101_setting` WRITE;
/*!40000 ALTER TABLE `maa101_setting` DISABLE KEYS */;
INSERT INTO `maa101_setting` VALUES ('db_version','24');
/*!40000 ALTER TABLE `maa101_setting` ENABLE KEYS */;
UNLOCK TABLES;
/*!40103 SET TIME_ZONE=@OLD_TIME_ZONE */;

/*!40101 SET SQL_MODE=@OLD_SQL_MODE */;
/*!40014 SET FOREIGN_KEY_CHECKS=@OLD_FOREIGN_KEY_CHECKS */;
/*!40014 SET UNIQUE_CHECKS=@OLD_UNIQUE_CHECKS */;
/*!40101 SET CHARACTER_SET_CLIENT=@OLD_CHARACTER_SET_CLIENT */;
/*!40101 SET CHARACTER_SET_RESULTS=@OLD_CHARACTER_SET_RESULTS */;
/*!40101 SET COLLATION_CONNECTION=@OLD_COLLATION_CONNECTION */;
/*!40111 SET SQL_NOTES=@OLD_SQL_NOTES */;

-- Dump completed on 2013-10-03 10:04:41
